date,code,exchange,open,high,low,close,volume,count_trx
2009-08-21,CFN,NYSE,17.25,18.5,17.25,18.5,2624200.0,
2009-08-24,CFN,NYSE,18.5,18.5,17.75,17.86,155900.0,
2009-08-25,CFN,NYSE,17.95,18.0,17.5,17.73,236500.0,
2009-08-26,CFN,NYSE,17.74,18.3,17.6,18.1,526300.0,
2009-08-27,CFN,NYSE,17.9,19.0,17.9,18.85,307000.0,
2009-08-28,CFN,NYSE,19.19,19.34,18.61,19.1,492900.0,
2009-08-31,CFN,NYSE,19.1,19.7,18.92,19.5,919300.0,
2009-09-01,CFN,NYSE,19.45,19.95,18.83,19.9,2484200.0,
2009-09-02,CFN,NYSE,19.15,19.49,18.34,18.65,1063900.0,
2009-09-03,CFN,NYSE,18.76,19.03,18.5,18.69,593000.0,
2009-09-04,CFN,NYSE,18.6,18.69,18.48,18.5,1316500.0,
2009-09-08,CFN,NYSE,18.7,18.91,18.32,18.45,1011000.0,
2009-09-09,CFN,NYSE,18.57,18.94,18.5,18.65,1475600.0,
2009-09-10,CFN,NYSE,18.67,19.25,18.57,19.14,1049200.0,
2009-09-11,CFN,NYSE,18.95,19.74,18.95,19.28,1608700.0,
2009-09-14,CFN,NYSE,19.48,19.63,19.4,19.51,767000.0,
2009-09-15,CFN,NYSE,19.5,21.14,19.44,20.71,1335800.0,
2009-09-16,CFN,NYSE,20.58,22.42,20.58,21.88,1381800.0,
2009-09-17,CFN,NYSE,22.06,22.23,20.94,21.43,1056800.0,
2009-09-18,CFN,NYSE,21.48,21.89,21.13,21.81,1044200.0,
2009-09-21,CFN,NYSE,21.89,21.89,21.18,21.32,848100.0,
2009-09-22,CFN,NYSE,21.32,21.97,21.28,21.44,712400.0,
2009-09-23,CFN,NYSE,21.47,21.51,20.87,20.87,496900.0,
2009-09-24,CFN,NYSE,20.95,21.08,20.31,20.51,620500.0,
2009-09-25,CFN,NYSE,20.61,21.28,20.39,21.14,397100.0,
2009-09-28,CFN,NYSE,21.18,22.12,21.18,21.8,456900.0,
2009-09-29,CFN,NYSE,21.77,22.36,21.5,21.99,464800.0,
2009-09-30,CFN,NYSE,21.93,22.06,21.43,21.8,654300.0,
2009-10-01,CFN,NYSE,21.3,22.0,21.15,21.55,969800.0,
2009-10-02,CFN,NYSE,21.54,21.7,21.15,21.54,748500.0,
2009-10-05,CFN,NYSE,21.67,21.67,21.11,21.25,407100.0,
2009-10-06,CFN,NYSE,21.3,22.12,20.65,22.01,985200.0,
2009-10-07,CFN,NYSE,21.83,22.28,21.42,22.0,415700.0,
2009-10-08,CFN,NYSE,22.19,22.97,21.99,22.86,407800.0,
2009-10-09,CFN,NYSE,22.9,23.4,22.84,23.25,329000.0,
2009-10-12,CFN,NYSE,23.19,23.23,22.86,22.99,408000.0,
2009-10-13,CFN,NYSE,22.66,22.84,22.51,22.6,357500.0,
2009-10-14,CFN,NYSE,22.69,22.88,22.53,22.7,469100.0,
2009-10-15,CFN,NYSE,22.6,22.89,22.55,22.87,474800.0,
2009-10-16,CFN,NYSE,22.67,22.83,22.21,22.7,606400.0,
2009-10-19,CFN,NYSE,22.59,23.21,22.42,22.96,308500.0,
2009-10-20,CFN,NYSE,22.83,23.0,22.25,22.37,343600.0,
2009-10-21,CFN,NYSE,22.15,22.47,21.53,21.78,315900.0,
2009-10-22,CFN,NYSE,21.67,22.83,21.65,22.72,389200.0,
2009-10-23,CFN,NYSE,22.7,22.97,22.2,22.63,297100.0,
2009-10-26,CFN,NYSE,22.56,23.2,22.56,22.68,286700.0,
2009-10-27,CFN,NYSE,22.65,22.65,22.17,22.5,309700.0,
2009-10-28,CFN,NYSE,22.51,22.75,22.22,22.5,284500.0,
2009-10-29,CFN,NYSE,22.46,23.75,22.36,23.69,425100.0,
2009-10-30,CFN,NYSE,22.63,23.34,22.3,22.37,680600.0,
2009-11-02,CFN,NYSE,22.39,22.83,22.23,22.34,432700.0,
2009-11-03,CFN,NYSE,22.21,22.3,21.88,22.02,303800.0,
2009-11-04,CFN,NYSE,22.23,22.84,22.23,22.55,412700.0,
2009-11-05,CFN,NYSE,23.45,24.33,23.26,23.99,746900.0,
2009-11-06,CFN,NYSE,23.91,23.99,23.26,23.34,286700.0,
2009-11-09,CFN,NYSE,23.65,24.07,23.53,24.03,255600.0,
2009-11-10,CFN,NYSE,23.99,24.99,23.94,24.77,449200.0,
2009-11-11,CFN,NYSE,24.76,25.24,24.51,25.16,279000.0,
2009-11-12,CFN,NYSE,25.25,25.25,24.69,24.82,315800.0,
2009-11-13,CFN,NYSE,24.93,25.56,24.82,24.97,265000.0,
2009-11-16,CFN,NYSE,24.99,25.73,24.99,25.5,205000.0,
2009-11-17,CFN,NYSE,25.33,25.58,25.03,25.55,285200.0,
2009-11-18,CFN,NYSE,25.65,25.65,25.18,25.54,236100.0,
2009-11-19,CFN,NYSE,25.37,25.51,25.12,25.18,230600.0,
2009-11-20,CFN,NYSE,25.11,25.38,25.04,25.06,452000.0,
2009-11-23,CFN,NYSE,25.35,26.06,25.35,26.02,366400.0,
2009-11-24,CFN,NYSE,26.22,26.85,25.42,26.63,515500.0,
2009-11-25,CFN,NYSE,26.61,26.99,26.33,26.38,335800.0,
2009-11-27,CFN,NYSE,25.5,26.17,25.5,25.79,130000.0,
2009-11-30,CFN,NYSE,25.92,25.94,25.33,25.83,633300.0,
2009-12-01,CFN,NYSE,26.33,26.47,25.75,25.85,399100.0,
2009-12-02,CFN,NYSE,25.95,26.19,25.78,25.89,313500.0,
2009-12-03,CFN,NYSE,25.86,25.86,24.6,24.68,424300.0,
2009-12-04,CFN,NYSE,25.0,25.4,24.39,24.51,340400.0,
2009-12-07,CFN,NYSE,24.44,24.78,24.07,24.72,381400.0,
2009-12-08,CFN,NYSE,24.62,24.8,24.26,24.36,367700.0,
2009-12-09,CFN,NYSE,24.38,24.5,23.92,24.05,348000.0,
2009-12-10,CFN,NYSE,24.11,24.32,23.85,24.04,447100.0,
2009-12-11,CFN,NYSE,24.08,24.66,24.06,24.44,899000.0,
2009-12-14,CFN,NYSE,24.54,24.78,24.47,24.64,435400.0,
2009-12-15,CFN,NYSE,24.45,24.49,24.12,24.28,293700.0,
2009-12-16,CFN,NYSE,24.17,24.61,24.06,24.3,369700.0,
2009-12-17,CFN,NYSE,24.2,24.26,23.75,24.06,476600.0,
2009-12-18,CFN,NYSE,24.42,25.29,24.25,25.29,1809100.0,
2009-12-21,CFN,NYSE,25.52,25.76,25.34,25.57,455600.0,
2009-12-22,CFN,NYSE,25.57,26.1,25.36,26.08,275000.0,
2009-12-23,CFN,NYSE,26.11,26.18,25.84,26.15,167400.0,
2009-12-24,CFN,NYSE,26.28,26.67,26.16,26.35,158200.0,
2009-12-28,CFN,NYSE,26.39,26.56,26.17,26.49,202000.0,
2009-12-29,CFN,NYSE,26.51,26.59,25.86,25.89,284500.0,
2009-12-30,CFN,NYSE,25.5,25.5,24.67,25.11,355700.0,
2009-12-31,CFN,NYSE,25.11,25.25,25.0,25.01,267400.0,
2010-01-04,CFN,NYSE,24.95,25.15,24.23,24.93,361300.0,
2010-01-05,CFN,NYSE,24.82,25.07,24.37,24.66,254400.0,
2010-01-06,CFN,NYSE,24.58,24.98,24.51,24.8,228800.0,
2010-01-07,CFN,NYSE,24.68,25.24,24.65,25.12,348500.0,
2010-01-08,CFN,NYSE,25.13,26.26,25.0,26.16,408800.0,
2010-01-11,CFN,NYSE,26.19,26.73,25.79,26.64,350100.0,
2010-01-12,CFN,NYSE,26.51,26.51,25.29,25.58,437900.0,
2010-01-13,CFN,NYSE,25.74,26.12,25.39,25.75,194200.0,
2010-01-14,CFN,NYSE,25.67,26.04,25.47,25.99,224600.0,
2010-01-15,CFN,NYSE,25.9,25.94,25.5,25.59,504100.0,
2010-01-19,CFN,NYSE,25.6,26.14,25.6,26.05,316100.0,
2010-01-20,CFN,NYSE,25.95,26.84,25.95,26.78,538500.0,
2010-01-21,CFN,NYSE,26.85,27.21,26.57,27.17,591000.0,
2010-01-22,CFN,NYSE,27.22,28.0,26.87,27.55,746700.0,
2010-01-25,CFN,NYSE,27.88,28.33,27.38,27.5,586200.0,
2010-01-26,CFN,NYSE,27.23,27.82,27.16,27.52,385700.0,
2010-01-27,CFN,NYSE,27.48,27.57,26.69,26.94,333200.0,
2010-01-28,CFN,NYSE,27.12,27.15,26.09,26.14,289200.0,
2010-01-29,CFN,NYSE,26.04,26.4,25.66,25.75,344800.0,
2010-02-01,CFN,NYSE,25.78,26.08,25.6,26.01,342100.0,
2010-02-02,CFN,NYSE,26.18,26.94,26.0,26.9,414500.0,
2010-02-03,CFN,NYSE,26.63,26.85,26.32,26.34,161800.0,
2010-02-04,CFN,NYSE,25.89,26.03,25.76,25.9,419200.0,
2010-02-05,CFN,NYSE,25.84,26.01,25.06,25.98,364700.0,
2010-02-08,CFN,NYSE,25.77,26.71,25.53,25.84,686600.0,
2010-02-09,CFN,NYSE,26.09,26.54,25.84,26.25,367600.0,
2010-02-10,CFN,NYSE,25.25,26.97,24.61,26.45,971000.0,
2010-02-11,CFN,NYSE,26.43,26.61,25.79,25.8,342100.0,
2010-02-12,CFN,NYSE,25.52,25.62,24.53,25.17,572000.0,
2010-02-16,CFN,NYSE,25.34,25.35,24.58,25.32,388700.0,
2010-02-17,CFN,NYSE,25.34,26.27,25.1,26.21,335900.0,
2010-02-18,CFN,NYSE,26.27,26.45,26.08,26.21,164900.0,
2010-02-19,CFN,NYSE,26.02,26.36,25.81,26.26,371500.0,
2010-02-22,CFN,NYSE,26.24,26.5,25.92,26.39,198800.0,
2010-02-23,CFN,NYSE,26.23,26.4,25.81,25.93,287800.0,
2010-02-24,CFN,NYSE,25.92,26.0,25.64,25.84,425100.0,
2010-02-25,CFN,NYSE,25.42,25.55,25.05,25.37,282500.0,
2010-02-26,CFN,NYSE,25.27,25.34,25.04,25.24,607300.0,
2010-03-01,CFN,NYSE,25.49,26.09,25.48,26.09,201800.0,
2010-03-02,CFN,NYSE,26.35,26.35,25.71,25.76,282000.0,
2010-03-03,CFN,NYSE,25.75,25.75,25.23,25.38,664100.0,
2010-03-04,CFN,NYSE,25.37,25.59,25.25,25.44,173400.0,
2010-03-05,CFN,NYSE,25.59,26.17,25.4,25.97,365600.0,
2010-03-08,CFN,NYSE,25.89,26.03,25.8,25.93,155100.0,
2010-03-09,CFN,NYSE,25.81,26.15,25.57,25.81,213900.0,
2010-03-10,CFN,NYSE,25.74,25.74,25.43,25.66,199300.0,
2010-03-11,CFN,NYSE,25.56,25.65,25.28,25.63,193700.0,
2010-03-12,CFN,NYSE,25.7,25.84,25.63,25.8,209100.0,
2010-03-15,CFN,NYSE,25.74,25.8,25.36,25.79,130900.0,
2010-03-16,CFN,NYSE,25.76,25.77,25.26,25.76,267600.0,
2010-03-17,CFN,NYSE,25.66,25.8,25.14,25.4,596800.0,
2010-03-18,CFN,NYSE,25.35,25.46,25.17,25.43,184700.0,
2010-03-19,CFN,NYSE,25.6,25.79,25.1,25.18,547300.0,
2010-03-22,CFN,NYSE,25.12,25.5,25.06,25.27,180600.0,
2010-03-23,CFN,NYSE,25.35,25.35,24.9,25.17,158800.0,
2010-03-24,CFN,NYSE,25.07,25.19,24.88,24.98,203000.0,
2010-03-25,CFN,NYSE,25.17,25.19,24.95,25.0,178000.0,
2010-03-26,CFN,NYSE,25.01,25.46,24.95,25.45,359400.0,
2010-03-29,CFN,NYSE,25.49,25.83,25.29,25.8,353100.0,
2010-03-30,CFN,NYSE,25.79,26.61,25.64,26.58,441800.0,
2010-03-31,CFN,NYSE,26.33,26.45,26.1,26.43,437200.0,
2010-04-01,CFN,NYSE,26.51,26.52,26.06,26.17,328200.0,
2010-04-05,CFN,NYSE,26.16,26.69,25.9,26.36,219000.0,
2010-04-06,CFN,NYSE,26.2,26.5,26.1,26.38,172500.0,
2010-04-07,CFN,NYSE,26.36,26.47,26.16,26.25,201200.0,
2010-04-08,CFN,NYSE,26.24,26.32,26.04,26.26,181000.0,
2010-04-09,CFN,NYSE,26.19,26.7,26.14,26.57,290100.0,
2010-04-12,CFN,NYSE,26.56,26.66,26.3,26.44,229000.0,
2010-04-13,CFN,NYSE,26.48,27.03,26.46,26.99,195600.0,
2010-04-14,CFN,NYSE,26.94,26.95,26.61,26.84,232300.0,
2010-04-15,CFN,NYSE,26.69,26.93,26.53,26.92,269900.0,
2010-04-16,CFN,NYSE,26.88,27.22,26.73,27.17,487700.0,
2010-04-19,CFN,NYSE,27.07,27.83,26.99,27.68,338500.0,
2010-04-20,CFN,NYSE,27.8,27.99,27.54,27.81,310400.0,
2010-04-21,CFN,NYSE,27.73,28.07,27.73,28.07,385200.0,
2010-04-22,CFN,NYSE,28.0,28.05,27.33,27.94,491400.0,
2010-04-23,CFN,NYSE,27.96,27.96,27.54,27.81,259500.0,
2010-04-26,CFN,NYSE,27.74,27.89,27.13,27.23,320300.0,
2010-04-27,CFN,NYSE,27.1,27.57,26.61,26.65,233600.0,
2010-04-28,CFN,NYSE,26.67,27.23,26.67,27.18,202100.0,
2010-04-29,CFN,NYSE,27.34,27.6,27.22,27.49,166400.0,
2010-04-30,CFN,NYSE,27.66,27.95,27.48,27.58,260100.0,
2010-05-03,CFN,NYSE,27.6,27.63,26.85,27.3,254600.0,
2010-05-04,CFN,NYSE,29.1,30.06,28.26,28.56,1464000.0,
2010-05-05,CFN,NYSE,28.56,29.15,28.36,28.94,381000.0,
2010-05-06,CFN,NYSE,28.82,29.06,27.22,27.62,533100.0,
2010-05-07,CFN,NYSE,25.06,26.46,24.4,26.16,1079500.0,
2010-05-10,CFN,NYSE,27.27,27.27,26.44,26.63,824900.0,
2010-05-11,CFN,NYSE,26.43,26.9,26.19,26.47,476500.0,
2010-05-12,CFN,NYSE,26.51,26.68,26.16,26.38,493700.0,
2010-05-13,CFN,NYSE,26.25,26.4,26.01,26.04,513800.0,
2010-05-14,CFN,NYSE,25.86,25.95,25.35,25.84,392900.0,
2010-05-17,CFN,NYSE,25.97,26.05,25.35,25.55,435200.0,
2010-05-18,CFN,NYSE,25.78,25.93,25.37,25.38,581800.0,
2010-05-19,CFN,NYSE,25.26,25.63,25.07,25.35,414300.0,
2010-05-20,CFN,NYSE,25.25,25.25,24.7,24.71,632100.0,
2010-05-21,CFN,NYSE,24.22,24.81,24.22,24.72,802000.0,
2010-05-24,CFN,NYSE,24.55,25.49,24.53,25.02,411200.0,
2010-05-25,CFN,NYSE,24.42,24.78,24.24,24.77,451900.0,
2010-05-26,CFN,NYSE,24.89,25.26,24.67,24.73,360200.0,
2010-05-27,CFN,NYSE,25.11,25.58,24.94,25.58,249100.0,
2010-05-28,CFN,NYSE,25.53,25.71,25.39,25.42,310500.0,
2010-06-01,CFN,NYSE,25.22,25.49,25.0,25.06,234600.0,
2010-06-02,CFN,NYSE,25.11,25.91,25.07,25.9,294400.0,
2010-06-03,CFN,NYSE,25.97,26.07,25.74,25.93,248600.0,
2010-06-04,CFN,NYSE,25.59,25.64,24.75,24.8,373700.0,
2010-06-07,CFN,NYSE,24.82,24.87,24.47,24.76,354500.0,
2010-06-08,CFN,NYSE,24.71,25.2,24.69,25.11,573100.0,
2010-06-09,CFN,NYSE,25.33,25.43,24.96,25.09,471400.0,
2010-06-10,CFN,NYSE,25.4,25.4,24.91,25.31,318200.0,
2010-06-11,CFN,NYSE,25.08,25.5,25.08,25.5,174600.0,
2010-06-14,CFN,NYSE,25.53,25.71,25.47,25.55,295100.0,
2010-06-15,CFN,NYSE,25.79,25.89,25.42,25.53,485900.0,
2010-06-16,CFN,NYSE,25.5,25.93,25.39,25.49,593200.0,
2010-06-17,CFN,NYSE,25.65,25.65,24.92,25.3,599600.0,
2010-06-18,CFN,NYSE,25.35,25.35,24.54,24.68,913900.0,
2010-06-21,CFN,NYSE,24.84,24.91,24.24,24.55,498600.0,
2010-06-22,CFN,NYSE,24.59,24.78,23.9,23.97,472300.0,
2010-06-23,CFN,NYSE,23.96,24.19,23.69,23.85,490000.0,
2010-06-24,CFN,NYSE,23.64,24.21,23.53,23.57,412700.0,
2010-06-25,CFN,NYSE,23.56,23.74,23.34,23.34,1935100.0,
2010-06-28,CFN,NYSE,23.36,23.89,23.07,23.64,611600.0,
2010-06-29,CFN,NYSE,23.4,23.4,22.76,22.85,357700.0,
2010-06-30,CFN,NYSE,22.78,23.0,22.67,22.7,420300.0,
2010-07-01,CFN,NYSE,22.65,22.65,21.93,22.41,524300.0,
2010-07-02,CFN,NYSE,22.39,22.76,22.21,22.42,429600.0,
2010-07-06,CFN,NYSE,22.66,23.29,22.47,22.72,579700.0,
2010-07-07,CFN,NYSE,23.08,23.15,22.42,22.76,692900.0,
2010-07-08,CFN,NYSE,22.82,23.1,22.55,22.75,560500.0,
2010-07-09,CFN,NYSE,22.75,22.75,22.39,22.61,569100.0,
2010-07-12,CFN,NYSE,22.53,22.62,22.29,22.48,412500.0,
2010-07-13,CFN,NYSE,22.57,22.94,22.34,22.86,851300.0,
2010-07-14,CFN,NYSE,22.8,22.8,22.28,22.56,505100.0,
2010-07-15,CFN,NYSE,22.58,22.58,22.13,22.42,369700.0,
2010-07-16,CFN,NYSE,22.26,22.39,21.44,21.55,715900.0,
2010-07-19,CFN,NYSE,21.59,21.9,21.53,21.83,449800.0,
2010-07-20,CFN,NYSE,21.67,21.77,21.36,21.66,464300.0,
2010-07-21,CFN,NYSE,21.68,21.83,20.63,20.68,853100.0,
2010-07-22,CFN,NYSE,20.86,21.55,20.86,21.19,590700.0,
2010-07-23,CFN,NYSE,21.09,21.56,21.03,21.56,397400.0,
2010-07-26,CFN,NYSE,21.53,21.86,21.38,21.85,414100.0,
2010-07-27,CFN,NYSE,21.92,22.02,21.39,21.52,662600.0,
2010-07-28,CFN,NYSE,21.45,21.6,21.24,21.31,642100.0,
2010-07-29,CFN,NYSE,21.44,21.53,20.91,21.1,357700.0,
2010-07-30,CFN,NYSE,20.93,21.44,20.87,21.07,565300.0,
2010-08-02,CFN,NYSE,21.35,21.82,21.35,21.43,656700.0,
2010-08-03,CFN,NYSE,21.47,21.47,21.08,21.14,340000.0,
2010-08-04,CFN,NYSE,21.17,21.48,21.17,21.45,625200.0,
2010-08-05,CFN,NYSE,21.32,21.55,21.16,21.49,265700.0,
2010-08-06,CFN,NYSE,21.29,21.61,21.23,21.49,365300.0,
2010-08-09,CFN,NYSE,21.63,21.93,21.6,21.72,462200.0,
2010-08-10,CFN,NYSE,21.58,21.61,20.98,21.4,543700.0,
2010-08-11,CFN,NYSE,22.61,23.87,22.52,23.26,1653400.0,
2010-08-12,CFN,NYSE,23.04,23.04,22.44,22.75,798100.0,
2010-08-13,CFN,NYSE,22.64,23.15,22.52,22.85,493400.0,
2010-08-16,CFN,NYSE,22.7,22.86,22.47,22.59,270700.0,
2010-08-17,CFN,NYSE,22.74,22.81,22.53,22.53,356600.0,
2010-08-18,CFN,NYSE,22.54,22.81,22.4,22.48,279900.0,
2010-08-19,CFN,NYSE,22.37,22.62,21.99,22.0,445100.0,
2010-08-20,CFN,NYSE,21.98,22.86,21.55,22.81,735700.0,
2010-08-23,CFN,NYSE,22.81,23.19,22.59,22.97,674700.0,
2010-08-24,CFN,NYSE,22.78,23.15,22.25,22.27,908300.0,
2010-08-25,CFN,NYSE,22.2,22.66,22.15,22.58,563100.0,
2010-08-26,CFN,NYSE,22.64,22.77,22.3,22.48,508300.0,
2010-08-27,CFN,NYSE,22.62,22.73,22.43,22.73,448500.0,
2010-08-30,CFN,NYSE,22.65,22.65,22.05,22.1,362100.0,
2010-08-31,CFN,NYSE,21.99,22.06,21.53,21.58,631100.0,
2010-09-01,CFN,NYSE,21.78,22.19,21.55,22.18,672100.0,
2010-09-02,CFN,NYSE,22.17,22.64,22.04,22.17,495800.0,
2010-09-03,CFN,NYSE,22.4,22.72,22.25,22.55,510500.0,
2010-09-07,CFN,NYSE,22.55,22.68,22.09,22.45,335513.0,
2010-09-08,CFN,NYSE,22.48,22.72,22.35,22.65,469961.0,
2010-09-09,CFN,NYSE,22.9,23.15,22.8,23.07,328480.0,
2010-09-10,CFN,NYSE,23.01,23.34,22.87,23.31,364717.0,
2010-09-13,CFN,NYSE,23.34,23.59,23.08,23.31,432636.0,
2010-09-14,CFN,NYSE,23.33,24.29,23.33,24.0,622833.0,
2010-09-15,CFN,NYSE,23.91,24.55,23.8,24.49,959311.0,
2010-09-16,CFN,NYSE,24.22,24.47,23.82,24.16,3473449.0,
2010-09-17,CFN,NYSE,24.36,24.48,24.14,24.22,2164785.0,
2010-09-20,CFN,NYSE,24.22,24.7,24.16,24.66,543255.0,
2010-09-21,CFN,NYSE,24.5,24.78,24.09,24.2,734856.0,
2010-09-22,CFN,NYSE,24.16,24.37,23.99,24.2,913057.0,
2010-09-23,CFN,NYSE,24.11,24.61,24.06,24.49,614296.0,
2010-09-24,CFN,NYSE,24.69,25.07,24.48,24.95,473269.0,
2010-09-27,CFN,NYSE,25.01,25.1,24.6,24.69,502288.0,
2010-09-28,CFN,NYSE,24.8,25.14,24.57,25.0,723264.0,
2010-09-29,CFN,NYSE,25.0,25.35,24.95,25.16,2430239.0,
2010-09-30,CFN,NYSE,25.18,25.25,24.71,24.84,797151.0,
2010-10-01,CFN,NYSE,24.97,24.99,24.41,24.76,759855.0,
2010-10-04,CFN,NYSE,24.64,24.76,24.3,24.42,361584.0,
2010-10-05,CFN,NYSE,24.55,24.98,24.48,24.85,524294.0,
2010-10-06,CFN,NYSE,24.81,24.94,24.53,24.71,539825.0,
2010-10-07,CFN,NYSE,24.72,24.87,24.4,24.48,424281.0,
2010-10-08,CFN,NYSE,24.56,24.85,24.4,24.49,387426.0,
2010-10-11,CFN,NYSE,24.55,24.67,24.44,24.66,189957.0,
2010-10-12,CFN,NYSE,24.6,24.77,24.37,24.71,461698.0,
2010-10-13,CFN,NYSE,24.77,25.2,24.76,24.96,513727.0,
2010-10-14,CFN,NYSE,24.97,24.98,24.34,24.75,497793.0,
2010-10-15,CFN,NYSE,24.95,25.1,24.3,24.63,777632.0,
2010-10-18,CFN,NYSE,24.66,24.88,24.51,24.88,1066447.0,
2010-10-19,CFN,NYSE,24.65,24.76,24.19,24.4,547379.0,
2010-10-20,CFN,NYSE,24.76,25.01,24.72,24.85,513412.0,
2010-10-21,CFN,NYSE,24.96,25.06,24.68,24.84,558236.0,
2010-10-22,CFN,NYSE,24.85,24.99,24.59,24.7,382815.0,
2010-10-25,CFN,NYSE,24.83,24.97,24.63,24.68,344024.0,
2010-10-26,CFN,NYSE,24.63,24.65,24.32,24.38,324479.0,
2010-10-27,CFN,NYSE,24.33,24.52,24.19,24.37,344787.0,
2010-10-28,CFN,NYSE,24.49,24.61,24.2,24.36,224950.0,
2010-10-29,CFN,NYSE,24.29,24.31,23.95,24.14,384436.0,
2010-11-01,CFN,NYSE,24.25,24.53,24.23,24.4,366711.0,
2010-11-02,CFN,NYSE,23.75,24.18,22.6,23.03,1098439.0,
2010-11-03,CFN,NYSE,23.15,23.82,23.03,23.78,813363.0,
2010-11-04,CFN,NYSE,23.97,24.63,23.95,24.14,588829.0,
2010-11-05,CFN,NYSE,24.11,24.19,23.85,24.11,508828.0,
2010-11-08,CFN,NYSE,23.96,23.98,23.28,23.42,563965.0,
2010-11-09,CFN,NYSE,23.41,23.54,23.09,23.18,532090.0,
2010-11-10,CFN,NYSE,23.15,23.26,22.93,23.11,315950.0,
2010-11-11,CFN,NYSE,22.93,23.63,22.85,23.36,705969.0,
2010-11-12,CFN,NYSE,23.23,23.23,22.88,23.11,400147.0,
2010-11-15,CFN,NYSE,23.25,23.73,22.91,23.49,659225.0,
2010-11-16,CFN,NYSE,23.37,23.55,22.95,23.17,791876.0,
2010-11-17,CFN,NYSE,23.13,23.59,23.06,23.46,426228.0,
2010-11-18,CFN,NYSE,23.55,24.03,23.41,23.95,735164.0,
2010-11-19,CFN,NYSE,23.91,23.94,23.42,23.5,659592.0,
2010-11-22,CFN,NYSE,23.45,23.46,23.0,23.43,315585.0,
2010-11-23,CFN,NYSE,23.2,23.2,22.93,23.08,362469.0,
2010-11-24,CFN,NYSE,23.2,23.33,23.09,23.29,279912.0,
2010-11-26,CFN,NYSE,23.07,23.41,23.07,23.28,94228.0,
2010-11-29,CFN,NYSE,23.18,23.21,22.81,23.0,235345.0,
2010-11-30,CFN,NYSE,22.78,22.89,22.62,22.87,801194.0,
2010-12-01,CFN,NYSE,23.03,23.59,22.9,23.57,395648.0,
2010-12-02,CFN,NYSE,23.54,23.55,22.67,22.75,1025469.0,
2010-12-03,CFN,NYSE,22.67,23.08,22.53,23.0,644990.0,
2010-12-06,CFN,NYSE,23.19,23.52,23.16,23.34,499915.0,
2010-12-07,CFN,NYSE,23.42,23.51,23.3,23.43,426733.0,
2010-12-08,CFN,NYSE,23.39,23.75,23.39,23.72,324844.0,
2010-12-09,CFN,NYSE,23.83,23.88,23.59,23.71,325834.0,
2010-12-10,CFN,NYSE,23.8,24.45,23.8,24.19,447965.0,
2010-12-13,CFN,NYSE,24.33,24.33,23.94,24.19,595747.0,
2010-12-14,CFN,NYSE,23.75,24.75,23.75,24.47,863347.0,
2010-12-15,CFN,NYSE,24.47,24.6,24.23,24.41,521190.0,
2010-12-16,CFN,NYSE,24.4,24.71,24.18,24.32,747417.0,
2010-12-17,CFN,NYSE,24.31,24.96,24.31,24.86,1514020.0,
2010-12-20,CFN,NYSE,24.96,24.97,24.64,24.87,337142.0,
2010-12-21,CFN,NYSE,24.89,25.27,24.68,25.21,379367.0,
2010-12-22,CFN,NYSE,25.14,25.26,24.99,25.17,322661.0,
2010-12-23,CFN,NYSE,25.11,25.26,24.9,25.22,240037.0,
2010-12-27,CFN,NYSE,25.2,25.41,25.2,25.39,277496.0,
2010-12-28,CFN,NYSE,25.39,25.99,25.36,25.98,559014.0,
2010-12-29,CFN,NYSE,25.97,26.24,25.57,25.65,565797.0,
2010-12-30,CFN,NYSE,25.63,26.12,25.59,26.0,588318.0,
2010-12-31,CFN,NYSE,26.0,26.04,25.58,25.7,515608.0,
2011-01-03,CFN,NYSE,25.79,25.79,25.28,25.38,660631.0,
2011-01-04,CFN,NYSE,25.44,25.52,24.97,25.48,595132.0,
2011-01-05,CFN,NYSE,25.39,25.49,25.11,25.41,339396.0,
2011-01-06,CFN,NYSE,25.4,25.49,25.16,25.41,356543.0,
2011-01-07,CFN,NYSE,25.4,25.6,25.17,25.31,333519.0,
2011-01-10,CFN,NYSE,25.16,25.24,24.95,25.22,297865.0,
2011-01-11,CFN,NYSE,25.24,25.67,25.14,25.66,275916.0,
2011-01-12,CFN,NYSE,25.72,26.08,25.47,25.92,605283.0,
2011-01-13,CFN,NYSE,25.86,26.58,25.86,26.49,729515.0,
2011-01-14,CFN,NYSE,26.39,26.98,26.12,26.84,681778.0,
2011-01-18,CFN,NYSE,26.8,26.8,26.2,26.21,504037.0,
2011-01-19,CFN,NYSE,26.16,26.45,25.88,26.03,605635.0,
2011-01-20,CFN,NYSE,25.88,26.07,25.65,25.91,494931.0,
2011-01-21,CFN,NYSE,26.09,26.48,26.04,26.06,599989.0,
2011-01-24,CFN,NYSE,26.02,26.48,26.01,26.42,386270.0,
2011-01-25,CFN,NYSE,26.38,26.6,25.98,26.2,291506.0,
2011-01-26,CFN,NYSE,26.21,26.24,26.01,26.17,302404.0,
2011-01-27,CFN,NYSE,26.14,26.28,25.69,25.77,357763.0,
2011-01-28,CFN,NYSE,25.83,26.0,25.15,25.22,679544.0,
2011-01-31,CFN,NYSE,25.28,25.73,25.26,25.73,594274.0,
2011-02-01,CFN,NYSE,26.02,26.9,25.98,26.31,716500.0,
2011-02-02,CFN,NYSE,26.18,26.33,25.98,26.17,366538.0,
2011-02-03,CFN,NYSE,26.08,27.18,26.06,26.69,542882.0,
2011-02-04,CFN,NYSE,26.52,27.82,26.5,27.43,757896.0,
2011-02-07,CFN,NYSE,27.42,28.03,27.33,28.0,517225.0,
2011-02-08,CFN,NYSE,27.95,27.95,27.26,27.7,630922.0,
2011-02-09,CFN,NYSE,27.49,27.49,27.05,27.25,540604.0,
2011-02-10,CFN,NYSE,27.14,27.42,27.12,27.34,424949.0,
2011-02-11,CFN,NYSE,27.23,27.9,27.05,27.79,362819.0,
2011-02-14,CFN,NYSE,27.8,27.89,27.53,27.58,298529.0,
2011-02-15,CFN,NYSE,27.56,27.91,27.42,27.84,344365.0,
2011-02-16,CFN,NYSE,27.89,28.35,27.74,28.08,453969.0,
2011-02-17,CFN,NYSE,28.03,28.18,27.82,28.0,214290.0,
2011-02-18,CFN,NYSE,27.97,28.15,27.79,28.04,473168.0,
2011-02-22,CFN,NYSE,27.8,27.8,27.17,27.38,568577.0,
2011-02-23,CFN,NYSE,27.4,27.49,26.99,27.09,447259.0,
2011-02-24,CFN,NYSE,27.09,27.21,26.91,27.0,337315.0,
2011-02-25,CFN,NYSE,27.07,27.47,27.04,27.39,265260.0,
2011-02-28,CFN,NYSE,27.42,27.6,27.24,27.32,474263.0,
2011-03-01,CFN,NYSE,27.41,27.59,27.06,27.09,381116.0,
2011-03-02,CFN,NYSE,27.02,27.44,26.98,27.31,323902.0,
2011-03-03,CFN,NYSE,27.61,28.3,27.61,28.13,374048.0,
2011-03-04,CFN,NYSE,28.17,28.28,27.62,27.92,291876.0,
2011-03-07,CFN,NYSE,27.97,28.08,27.2,27.5,333953.0,
2011-03-08,CFN,NYSE,27.57,28.11,27.42,28.05,347391.0,
2011-03-09,CFN,NYSE,27.95,28.08,27.72,27.99,328299.0,
2011-03-10,CFN,NYSE,27.71,27.85,27.43,27.46,368824.0,
2011-03-11,CFN,NYSE,27.44,27.89,27.15,27.88,422776.0,
2011-03-14,CFN,NYSE,27.6,27.84,27.03,27.11,402189.0,
2011-03-15,CFN,NYSE,26.4,27.27,26.31,27.13,517361.0,
2011-03-16,CFN,NYSE,27.05,27.22,26.8,26.81,413298.0,
2011-03-17,CFN,NYSE,27.18,27.27,26.88,27.03,317470.0,
2011-03-18,CFN,NYSE,27.23,27.43,26.81,27.05,651968.0,
2011-03-21,CFN,NYSE,27.33,27.58,27.18,27.48,567051.0,
2011-03-22,CFN,NYSE,27.52,27.52,27.18,27.27,242109.0,
2011-03-23,CFN,NYSE,27.17,27.24,26.98,27.14,208255.0,
2011-03-24,CFN,NYSE,27.33,27.46,27.03,27.27,266770.0,
2011-03-25,CFN,NYSE,27.29,27.94,27.22,27.88,569189.0,
2011-03-28,CFN,NYSE,27.88,28.23,27.83,27.99,324577.0,
2011-03-29,CFN,NYSE,27.92,28.14,27.74,28.08,369661.0,
2011-03-30,CFN,NYSE,28.23,28.61,28.16,28.51,357628.0,
2011-03-31,CFN,NYSE,28.4,28.5,28.03,28.2,419962.0,
2011-04-01,CFN,NYSE,28.55,28.75,28.09,28.21,380234.0,
2011-04-04,CFN,NYSE,28.28,28.29,27.92,27.96,538110.0,
2011-04-05,CFN,NYSE,27.86,28.07,27.71,27.97,422730.0,
2011-04-06,CFN,NYSE,28.02,28.02,27.74,27.92,360828.0,
2011-04-07,CFN,NYSE,27.83,28.29,27.83,28.13,351112.0,
2011-04-08,CFN,NYSE,28.19,28.25,27.79,27.84,237858.0,
2011-04-11,CFN,NYSE,27.43,27.92,27.32,27.6,402328.0,
2011-04-12,CFN,NYSE,27.43,27.57,27.15,27.41,308648.0,
2011-04-13,CFN,NYSE,28.59,28.6,28.04,28.34,918362.0,
2011-04-14,CFN,NYSE,28.24,29.41,28.17,29.18,926504.0,
2011-04-15,CFN,NYSE,29.34,29.5,29.11,29.3,639106.0,
2011-04-18,CFN,NYSE,28.99,29.02,28.55,28.84,369388.0,
2011-04-19,CFN,NYSE,28.87,29.27,28.7,29.25,372931.0,
2011-04-20,CFN,NYSE,29.55,29.55,29.04,29.21,356604.0,
2011-04-21,CFN,NYSE,29.38,29.51,29.15,29.42,323627.0,
2011-04-25,CFN,NYSE,29.29,29.4,28.94,29.15,292546.0,
2011-04-26,CFN,NYSE,29.32,29.56,29.31,29.42,297923.0,
2011-04-27,CFN,NYSE,29.46,29.65,29.33,29.5,282110.0,
2011-04-28,CFN,NYSE,29.41,29.55,29.24,29.26,489414.0,
2011-04-29,CFN,NYSE,29.21,29.73,29.21,29.37,537341.0,
2011-05-02,CFN,NYSE,29.52,29.72,29.34,29.51,410071.0,
2011-05-03,CFN,NYSE,29.5,29.82,29.43,29.56,479003.0,
2011-05-04,CFN,NYSE,29.52,29.62,29.17,29.23,389037.0,
2011-05-05,CFN,NYSE,29.19,29.29,28.8,28.92,382409.0,
2011-05-06,CFN,NYSE,29.0,29.34,28.75,29.2,499863.0,
2011-05-09,CFN,NYSE,29.13,29.22,28.93,29.05,341328.0,
2011-05-10,CFN,NYSE,29.15,29.56,29.1,29.44,404564.0,
2011-05-11,CFN,NYSE,29.44,29.91,29.44,29.82,507738.0,
2011-05-12,CFN,NYSE,29.76,29.91,29.65,29.89,543419.0,
2011-05-13,CFN,NYSE,29.95,29.97,29.54,29.82,431255.0,
2011-05-16,CFN,NYSE,29.72,29.76,29.33,29.35,424349.0,
2011-05-17,CFN,NYSE,29.3,29.3,28.92,29.12,315849.0,
2011-05-18,CFN,NYSE,29.16,29.26,29.04,29.14,385159.0,
2011-05-19,CFN,NYSE,29.28,29.4,28.95,29.12,445794.0,
2011-05-20,CFN,NYSE,29.08,29.09,28.6,28.84,384604.0,
2011-05-23,CFN,NYSE,28.45,28.77,28.31,28.65,524246.0,
2011-05-24,CFN,NYSE,28.65,29.14,28.51,29.06,451296.0,
2011-05-25,CFN,NYSE,28.92,29.2,28.82,29.05,315395.0,
2011-05-26,CFN,NYSE,28.87,29.04,28.82,28.91,379048.0,
2011-05-27,CFN,NYSE,29.01,29.16,28.64,28.7,371997.0,
2011-05-31,CFN,NYSE,29.09,29.19,28.73,28.98,948259.0,
2011-06-01,CFN,NYSE,28.95,28.95,28.08,28.11,511847.0,
2011-06-02,CFN,NYSE,28.16,28.21,27.53,27.74,559553.0,
2011-06-03,CFN,NYSE,27.45,27.73,27.35,27.62,522213.0,
2011-06-06,CFN,NYSE,27.57,27.65,27.41,27.41,472674.0,
2011-06-07,CFN,NYSE,27.6,28.09,27.32,27.69,653985.0,
2011-06-08,CFN,NYSE,27.6,27.67,27.43,27.61,401173.0,
2011-06-09,CFN,NYSE,27.66,28.26,27.59,28.11,548582.0,
2011-06-10,CFN,NYSE,27.9,27.9,27.6,27.66,411479.0,
2011-06-13,CFN,NYSE,27.75,27.9,27.42,27.47,345742.0,
2011-06-14,CFN,NYSE,27.65,27.73,27.43,27.46,373318.0,
2011-06-15,CFN,NYSE,27.38,27.5,26.8,26.93,720496.0,
2011-06-16,CFN,NYSE,26.95,27.05,26.7,26.9,498407.0,
2011-06-17,CFN,NYSE,27.01,27.06,26.65,26.66,745321.0,
2011-06-20,CFN,NYSE,26.65,27.01,26.57,26.81,297542.0,
2011-06-21,CFN,NYSE,26.94,27.39,26.83,27.31,505900.0,
2011-06-22,CFN,NYSE,27.18,27.3,27.09,27.18,397348.0,
2011-06-23,CFN,NYSE,26.81,27.23,26.65,27.2,533392.0,
2011-06-24,CFN,NYSE,27.12,27.12,26.15,26.4,2181399.0,
2011-06-27,CFN,NYSE,26.32,26.87,26.3,26.78,345870.0,
2011-06-28,CFN,NYSE,26.82,27.12,26.76,27.12,294625.0,
2011-06-29,CFN,NYSE,27.19,27.25,26.68,26.77,390372.0,
2011-06-30,CFN,NYSE,26.9,27.34,26.74,27.17,746602.0,
2011-07-01,CFN,NYSE,27.12,27.68,27.12,27.67,396957.0,
2011-07-05,CFN,NYSE,27.66,27.85,27.65,27.76,601208.0,
2011-07-06,CFN,NYSE,27.76,27.92,27.61,27.88,486738.0,
2011-07-07,CFN,NYSE,28.05,28.21,27.94,28.12,336066.0,
2011-07-08,CFN,NYSE,27.76,28.15,27.76,28.1,437049.0,
2011-07-11,CFN,NYSE,27.73,27.9,27.59,27.66,424718.0,
2011-07-12,CFN,NYSE,27.69,28.02,27.65,27.69,388240.0,
2011-07-13,CFN,NYSE,27.88,28.19,27.67,27.74,281961.0,
2011-07-14,CFN,NYSE,27.75,27.9,27.4,27.5,261749.0,
2011-07-15,CFN,NYSE,27.56,27.67,27.42,27.61,459348.0,
2011-07-18,CFN,NYSE,27.49,27.6,27.14,27.28,250425.0,
2011-07-19,CFN,NYSE,27.46,27.87,27.31,27.73,310023.0,
2011-07-20,CFN,NYSE,27.73,27.74,27.4,27.6,218575.0,
2011-07-21,CFN,NYSE,27.8,28.24,27.65,28.14,281221.0,
2011-07-22,CFN,NYSE,28.03,28.1,27.71,27.9,283310.0,
2011-07-25,CFN,NYSE,27.61,27.66,27.36,27.45,300288.0,
2011-07-26,CFN,NYSE,27.42,27.45,27.11,27.14,204524.0,
2011-07-27,CFN,NYSE,27.09,27.13,26.62,26.69,399538.0,
2011-07-28,CFN,NYSE,26.66,26.98,26.44,26.49,211456.0,
2011-07-29,CFN,NYSE,26.25,26.58,26.02,26.39,435460.0,
2011-08-01,CFN,NYSE,26.52,26.52,25.41,25.49,462283.0,
2011-08-02,CFN,NYSE,25.32,25.49,24.45,24.55,1189640.0,
2011-08-03,CFN,NYSE,24.49,25.05,24.3,25.01,1294500.0,
2011-08-04,CFN,NYSE,24.74,24.94,23.97,24.05,880120.0,
2011-08-05,CFN,NYSE,24.34,24.46,23.33,24.02,704735.0,
2011-08-08,CFN,NYSE,23.62,23.74,22.01,22.26,1138816.0,
2011-08-09,CFN,NYSE,22.7,25.2,22.6,24.48,1472269.0,
2011-08-10,CFN,NYSE,23.91,23.99,23.01,23.07,1292833.0,
2011-08-11,CFN,NYSE,23.14,24.77,23.01,24.76,865967.0,
2011-08-12,CFN,NYSE,24.94,25.6,24.7,25.59,901186.0,
2011-08-15,CFN,NYSE,25.7,25.74,24.92,25.56,856672.0,
2011-08-16,CFN,NYSE,25.35,25.87,25.0,25.71,692995.0,
2011-08-17,CFN,NYSE,25.91,26.02,25.36,25.49,399406.0,
2011-08-18,CFN,NYSE,24.88,24.96,24.03,24.21,772649.0,
2011-08-19,CFN,NYSE,23.89,24.58,23.73,23.86,940874.0,
2011-08-22,CFN,NYSE,24.43,24.51,23.54,23.66,703263.0,
2011-08-23,CFN,NYSE,23.69,24.81,23.6,24.81,714633.0,
2011-08-24,CFN,NYSE,24.67,24.87,24.23,24.49,732534.0,
2011-08-25,CFN,NYSE,24.53,24.8,24.18,24.3,557931.0,
2011-08-26,CFN,NYSE,24.13,24.91,23.81,24.72,666298.0,
2011-08-29,CFN,NYSE,25.0,25.51,25.0,25.45,445811.0,
2011-08-30,CFN,NYSE,25.24,25.47,25.02,25.24,538815.0,
2011-08-31,CFN,NYSE,25.49,25.74,25.21,25.61,610828.0,
2011-09-01,CFN,NYSE,25.72,25.89,25.13,25.22,535664.0,
2011-09-02,CFN,NYSE,24.65,24.98,24.47,24.56,385590.0,
2011-09-06,CFN,NYSE,23.72,24.39,23.63,24.22,553607.0,
2011-09-07,CFN,NYSE,24.63,25.1,24.5,25.1,282581.0,
2011-09-08,CFN,NYSE,24.86,25.15,24.57,24.62,314406.0,
2011-09-09,CFN,NYSE,24.27,24.35,23.56,23.63,523146.0,
2011-09-12,CFN,NYSE,23.33,23.59,23.08,23.46,727058.0,
2011-09-13,CFN,NYSE,23.5,23.88,23.3,23.75,518885.0,
2011-09-14,CFN,NYSE,23.87,24.45,23.59,24.14,469870.0,
2011-09-15,CFN,NYSE,24.47,24.47,23.86,24.2,436621.0,
2011-09-16,CFN,NYSE,24.31,24.86,24.24,24.72,777499.0,
2011-09-19,CFN,NYSE,24.22,24.32,23.87,24.24,453550.0,
2011-09-20,CFN,NYSE,24.33,24.87,24.1,24.45,463338.0,
2011-09-21,CFN,NYSE,24.4,24.43,23.58,23.6,421599.0,
2011-09-22,CFN,NYSE,22.88,23.31,22.69,23.23,567953.0,
2011-09-23,CFN,NYSE,23.06,23.7,22.97,23.39,446937.0,
2011-09-26,CFN,NYSE,23.65,24.01,23.13,24.01,462806.0,
2011-09-27,CFN,NYSE,24.45,24.67,24.22,24.35,667557.0,
2011-09-28,CFN,NYSE,24.36,24.81,23.99,24.09,507707.0,
2011-09-29,CFN,NYSE,24.54,24.67,23.96,24.58,431892.0,
2011-09-30,CFN,NYSE,24.23,24.75,23.95,23.95,757371.0,
2011-10-03,CFN,NYSE,23.7,23.99,23.11,23.15,670942.0,
2011-10-04,CFN,NYSE,22.78,23.67,22.66,23.63,592349.0,
2011-10-05,CFN,NYSE,23.87,24.42,23.64,24.23,458346.0,
2011-10-06,CFN,NYSE,24.13,24.49,23.84,24.48,413471.0,
2011-10-07,CFN,NYSE,24.51,24.64,24.08,24.15,486558.0,
2011-10-10,CFN,NYSE,24.65,24.82,24.43,24.64,324069.0,
2011-10-11,CFN,NYSE,24.82,25.29,24.67,24.82,413549.0,
2011-10-12,CFN,NYSE,24.97,25.11,24.64,24.68,388911.0,
2011-10-13,CFN,NYSE,24.45,24.68,24.33,24.64,253196.0,
2011-10-14,CFN,NYSE,24.93,25.08,24.7,24.92,339109.0,
2011-10-17,CFN,NYSE,24.72,24.8,24.16,24.24,236718.0,
2011-10-18,CFN,NYSE,24.12,24.79,23.94,24.54,407058.0,
2011-10-19,CFN,NYSE,24.57,24.61,24.14,24.23,406042.0,
2011-10-20,CFN,NYSE,24.23,24.33,23.65,23.77,504561.0,
2011-10-21,CFN,NYSE,24.08,24.69,24.07,24.52,678667.0,
2011-10-24,CFN,NYSE,24.53,24.99,24.43,24.98,369214.0,
2011-10-25,CFN,NYSE,24.78,25.0,24.37,24.49,421769.0,
2011-10-26,CFN,NYSE,24.8,24.94,24.17,24.5,440636.0,
2011-10-27,CFN,NYSE,25.2,25.42,24.95,25.16,487720.0,
2011-10-28,CFN,NYSE,25.26,26.0,25.14,25.97,525763.0,
2011-10-31,CFN,NYSE,25.65,25.81,25.54,25.6,694900.0,
2011-11-01,CFN,NYSE,24.88,25.14,24.54,24.64,586252.0,
2011-11-02,CFN,NYSE,24.91,25.04,24.64,24.92,415377.0,
2011-11-03,CFN,NYSE,25.18,25.43,24.87,25.38,524740.0,
2011-11-04,CFN,NYSE,25.16,25.41,24.9,25.26,623344.0,
2011-11-07,CFN,NYSE,25.2,25.39,24.76,25.31,466973.0,
2011-11-08,CFN,NYSE,25.35,25.85,24.29,25.17,1542089.0,
2011-11-09,CFN,NYSE,24.6,24.73,24.16,24.28,554966.0,
2011-11-10,CFN,NYSE,24.5,24.63,24.21,24.55,567513.0,
2011-11-11,CFN,NYSE,24.84,25.02,24.68,24.83,689777.0,
2011-11-14,CFN,NYSE,24.82,25.2,24.51,24.91,507494.0,
2011-11-15,CFN,NYSE,24.91,25.11,24.65,24.97,345761.0,
2011-11-16,CFN,NYSE,24.66,25.09,24.52,24.71,470565.0,
2011-11-17,CFN,NYSE,24.62,24.64,23.95,24.15,524058.0,
2011-11-18,CFN,NYSE,24.34,24.34,23.98,24.04,439645.0,
2011-11-21,CFN,NYSE,23.75,23.97,23.41,23.5,374456.0,
2011-11-22,CFN,NYSE,23.44,23.63,23.31,23.52,382473.0,
2011-11-23,CFN,NYSE,23.25,23.32,23.03,23.11,433221.0,
2011-11-25,CFN,NYSE,23.12,23.42,23.1,23.2,135531.0,
2011-11-28,CFN,NYSE,23.77,24.02,23.55,23.79,396538.0,
2011-11-29,CFN,NYSE,23.76,24.01,23.66,23.77,304056.0,
2011-11-30,CFN,NYSE,24.45,24.83,24.33,24.78,758326.0,
2011-12-01,CFN,NYSE,24.77,25.28,24.69,25.17,486611.0,
2011-12-02,CFN,NYSE,25.34,25.62,24.83,24.9,652641.0,
2011-12-05,CFN,NYSE,25.32,25.59,24.96,25.05,535949.0,
2011-12-06,CFN,NYSE,25.02,25.06,24.76,24.87,401356.0,
2011-12-07,CFN,NYSE,24.74,24.96,24.48,24.84,396031.0,
2011-12-08,CFN,NYSE,24.67,24.78,24.23,24.3,419818.0,
2011-12-09,CFN,NYSE,24.41,24.9,24.41,24.81,446715.0,
2011-12-12,CFN,NYSE,24.61,24.61,24.21,24.46,367120.0,
2011-12-13,CFN,NYSE,24.54,24.67,23.78,24.02,439658.0,
2011-12-14,CFN,NYSE,23.85,24.09,23.78,24.01,385390.0,
2011-12-15,CFN,NYSE,24.21,24.38,24.01,24.14,336778.0,
2011-12-16,CFN,NYSE,24.3,24.4,23.99,24.06,637123.0,
2011-12-19,CFN,NYSE,24.11,24.35,23.87,23.95,218894.0,
2011-12-20,CFN,NYSE,24.34,24.91,24.34,24.77,434728.0,
2011-12-21,CFN,NYSE,24.82,24.85,24.5,24.66,537014.0,
2011-12-22,CFN,NYSE,24.8,25.0,24.63,24.9,685372.0,
2011-12-23,CFN,NYSE,25.0,25.32,24.92,25.25,196789.0,
2011-12-27,CFN,NYSE,25.25,25.38,25.08,25.26,141910.0,
2011-12-28,CFN,NYSE,25.23,25.23,24.89,24.93,384868.0,
2011-12-29,CFN,NYSE,24.89,25.39,24.88,25.36,325197.0,
2011-12-30,CFN,NYSE,25.25,25.53,25.22,25.41,263454.0,
2012-01-03,CFN,NYSE,25.85,25.95,25.63,25.66,677634.0,
2012-01-04,CFN,NYSE,25.57,25.75,25.37,25.53,252034.0,
2012-01-05,CFN,NYSE,25.75,25.75,25.36,25.67,397250.0,
2012-01-06,CFN,NYSE,25.66,25.79,25.45,25.48,449071.0,
2012-01-09,CFN,NYSE,24.5,24.5,23.06,23.28,1454273.0,
2012-01-10,CFN,NYSE,23.27,23.35,22.59,22.99,1017689.0,
2012-01-11,CFN,NYSE,22.93,22.96,22.8,22.88,499679.0,
2012-01-12,CFN,NYSE,22.9,23.0,22.62,22.88,484947.0,
2012-01-13,CFN,NYSE,22.66,22.87,22.55,22.83,477359.0,
2012-01-17,CFN,NYSE,23.0,23.01,22.7,22.82,334411.0,
2012-01-18,CFN,NYSE,22.78,23.0,22.65,22.9,432096.0,
2012-01-19,CFN,NYSE,22.95,23.4,22.87,23.3,421714.0,
2012-01-20,CFN,NYSE,23.31,23.65,23.23,23.51,667252.0,
2012-01-23,CFN,NYSE,23.51,23.82,23.47,23.64,567730.0,
2012-01-24,CFN,NYSE,23.48,23.97,23.42,23.77,345228.0,
2012-01-25,CFN,NYSE,23.63,24.15,23.63,24.02,414368.0,
2012-01-26,CFN,NYSE,24.23,24.35,24.06,24.16,442061.0,
2012-01-27,CFN,NYSE,24.1,24.1,23.63,23.9,430981.0,
2012-01-30,CFN,NYSE,23.73,24.35,23.39,24.35,701432.0,
2012-01-31,CFN,NYSE,24.48,24.54,23.9,23.95,649064.0,
2012-02-01,CFN,NYSE,24.18,24.26,23.85,24.0,864384.0,
2012-02-02,CFN,NYSE,24.02,24.29,23.94,24.14,438284.0,
2012-02-03,CFN,NYSE,23.63,25.25,23.62,25.0,970566.0,
2012-02-06,CFN,NYSE,24.98,25.24,24.88,25.13,389027.0,
2012-02-07,CFN,NYSE,25.01,25.16,24.83,25.1,346767.0,
2012-02-08,CFN,NYSE,25.09,25.22,24.9,24.92,314711.0,
2012-02-09,CFN,NYSE,24.93,25.0,24.6,24.81,427366.0,
2012-02-10,CFN,NYSE,25.0,25.6,24.89,25.43,676690.0,
2012-02-13,CFN,NYSE,25.55,25.72,25.3,25.47,234792.0,
2012-02-14,CFN,NYSE,25.43,25.92,25.36,25.76,489051.0,
2012-02-15,CFN,NYSE,25.9,26.09,25.28,25.36,531049.0,
2012-02-16,CFN,NYSE,25.4,25.87,25.2,25.86,649812.0,
2012-02-17,CFN,NYSE,26.36,26.38,26.0,26.05,595575.0,
2012-02-21,CFN,NYSE,26.21,26.33,26.01,26.09,389666.0,
2012-02-22,CFN,NYSE,25.96,26.11,25.8,25.86,837183.0,
2012-02-23,CFN,NYSE,25.78,25.9,25.64,25.83,307028.0,
2012-02-24,CFN,NYSE,25.85,25.99,25.8,25.89,225340.0,
2012-02-27,CFN,NYSE,25.67,25.88,25.36,25.77,292504.0,
2012-02-28,CFN,NYSE,25.84,26.32,25.75,26.2,650959.0,
2012-02-29,CFN,NYSE,26.14,26.25,25.79,25.81,484508.0,
2012-03-01,CFN,NYSE,25.83,25.87,25.33,25.51,477884.0,
2012-03-02,CFN,NYSE,25.54,25.61,25.25,25.31,247600.0,
2012-03-05,CFN,NYSE,25.24,25.52,24.93,25.14,337032.0,
2012-03-06,CFN,NYSE,24.95,25.28,24.83,25.03,328440.0,
2012-03-07,CFN,NYSE,25.04,25.11,24.73,24.99,378206.0,
2012-03-08,CFN,NYSE,25.19,25.46,24.99,25.24,386251.0,
2012-03-09,CFN,NYSE,25.27,25.5,25.2,25.38,344200.0,
2012-03-12,CFN,NYSE,25.41,25.51,25.05,25.1,281504.0,
2012-03-13,CFN,NYSE,25.18,25.84,25.18,25.77,406317.0,
2012-03-14,CFN,NYSE,25.71,25.86,25.65,25.79,533341.0,
2012-03-15,CFN,NYSE,25.77,26.0,25.51,25.95,286546.0,
2012-03-16,CFN,NYSE,25.8,25.99,25.5,25.71,780419.0,
2012-03-19,CFN,NYSE,25.63,25.77,25.45,25.66,284609.0,
2012-03-20,CFN,NYSE,25.39,25.66,25.33,25.49,305805.0,
2012-03-21,CFN,NYSE,25.5,25.56,25.14,25.42,238148.0,
2012-03-22,CFN,NYSE,25.3,25.46,25.22,25.44,259910.0,
2012-03-23,CFN,NYSE,25.42,25.52,25.24,25.35,183339.0,
2012-03-26,CFN,NYSE,25.55,25.82,25.54,25.82,236272.0,
2012-03-27,CFN,NYSE,25.83,25.94,25.6,25.79,272567.0,
2012-03-28,CFN,NYSE,25.77,25.99,25.71,25.95,427743.0,
2012-03-29,CFN,NYSE,25.81,26.0,25.69,25.92,273290.0,
2012-03-30,CFN,NYSE,26.0,26.16,25.88,25.93,435913.0,
2012-04-02,CFN,NYSE,25.86,26.38,25.78,26.33,439983.0,
2012-04-03,CFN,NYSE,26.28,26.5,26.28,26.44,498661.0,
2012-04-04,CFN,NYSE,26.25,26.4,26.09,26.23,610815.0,
2012-04-05,CFN,NYSE,26.06,26.15,25.78,26.13,506055.0,
2012-04-09,CFN,NYSE,25.81,25.84,25.57,25.57,467213.0,
2012-04-10,CFN,NYSE,25.57,25.71,25.35,25.36,483647.0,
2012-04-11,CFN,NYSE,25.59,25.78,25.54,25.65,554698.0,
2012-04-12,CFN,NYSE,25.63,26.11,25.62,26.01,571812.0,
2012-04-13,CFN,NYSE,26.0,26.03,25.46,25.49,426136.0,
2012-04-16,CFN,NYSE,25.55,25.58,25.17,25.39,364078.0,
2012-04-17,CFN,NYSE,25.55,25.63,25.33,25.57,383708.0,
2012-04-18,CFN,NYSE,25.5,25.65,25.35,25.59,313739.0,
2012-04-19,CFN,NYSE,25.65,25.67,25.38,25.61,374033.0,
2012-04-20,CFN,NYSE,25.74,25.9,25.67,25.9,719783.0,
2012-04-23,CFN,NYSE,25.7,25.7,25.31,25.42,447008.0,
2012-04-24,CFN,NYSE,25.39,25.55,25.36,25.45,261989.0,
2012-04-25,CFN,NYSE,25.81,25.92,25.55,25.75,325040.0,
2012-04-26,CFN,NYSE,25.8,26.02,25.65,25.98,283291.0,
2012-04-27,CFN,NYSE,26.09,26.19,25.84,25.95,312212.0,
2012-04-30,CFN,NYSE,25.97,26.1,25.8,25.91,394662.0,
2012-05-01,CFN,NYSE,25.9,26.17,25.78,26.03,447998.0,
2012-05-02,CFN,NYSE,25.94,26.24,25.9,26.2,418230.0,
2012-05-03,CFN,NYSE,26.13,26.14,25.79,25.8,336575.0,
2012-05-04,CFN,NYSE,25.83,27.26,25.59,27.09,1294361.0,
2012-05-07,CFN,NYSE,27.0,27.28,26.52,26.59,606912.0,2549.0
2012-05-08,CFN,NYSE,26.41,26.52,26.1,26.4,481456.0,1672.0
2012-05-09,CFN,NYSE,26.04,26.13,25.83,25.95,591815.0,2240.0
2012-05-10,CFN,NYSE,26.11,26.2,25.85,25.88,644904.0,2096.0
2012-05-11,CFN,NYSE,25.75,26.09,25.6,25.86,272870.0,1137.0
2012-05-14,CFN,NYSE,25.71,25.79,25.48,25.5,316822.0,1237.0
2012-05-15,CFN,NYSE,25.44,25.61,25.19,25.24,357338.0,1487.0
2012-05-16,CFN,NYSE,25.35,25.4,25.1,25.15,717540.0,1474.0
2012-05-17,CFN,NYSE,25.2,25.3,25.03,25.06,503247.0,2002.0
2012-05-18,CFN,NYSE,25.19,25.19,24.57,24.66,598472.0,1842.0
2012-05-21,CFN,NYSE,24.66,24.98,24.65,24.84,506029.0,1981.0
2012-05-22,CFN,NYSE,24.86,25.03,24.52,24.65,448107.0,1498.0
2012-05-23,CFN,NYSE,24.46,24.57,23.94,24.3,736687.0,2490.0
2012-05-24,CFN,NYSE,24.85,24.99,24.49,24.76,500137.0,2093.0
2012-05-25,CFN,NYSE,24.75,24.96,24.66,24.9,267017.0,1175.0
2012-05-29,CFN,NYSE,24.99,25.06,24.81,24.98,545837.0,1119.0
2012-05-30,CFN,NYSE,24.75,24.79,24.41,24.46,233732.0,916.0
2012-05-31,CFN,NYSE,24.4,24.46,23.96,24.24,875550.0,1544.0
2012-06-01,CFN,NYSE,24.01,24.14,23.88,24.01,420975.0,1325.0
2012-06-04,CFN,NYSE,23.98,24.01,23.79,23.98,372895.0,1518.0
2012-06-05,CFN,NYSE,23.98,24.16,23.82,24.05,371844.0,1241.0
2012-06-06,CFN,NYSE,24.25,24.52,24.19,24.51,336235.0,952.0
2012-06-07,CFN,NYSE,24.74,24.77,24.49,24.5,226724.0,879.0
2012-06-08,CFN,NYSE,24.41,24.62,24.39,24.57,247498.0,851.0
2012-06-11,CFN,NYSE,24.74,24.77,24.4,24.41,252093.0,947.0
2012-06-12,CFN,NYSE,24.42,24.47,24.15,24.31,347448.0,1407.0
2012-06-13,CFN,NYSE,24.29,24.81,24.29,24.5,229889.0,970.0
2012-06-14,CFN,NYSE,24.5,24.71,24.45,24.54,250469.0,963.0
2012-06-15,CFN,NYSE,24.58,24.79,24.35,24.74,781634.0,1159.0
2012-06-18,CFN,NYSE,24.67,24.95,24.5,24.86,240378.0,1070.0
2012-06-19,CFN,NYSE,24.98,25.28,24.78,25.12,260441.0,1015.0
2012-06-20,CFN,NYSE,25.05,25.18,24.88,25.17,244607.0,1340.0
2012-06-21,CFN,NYSE,25.2,25.35,24.8,24.82,386486.0,1124.0
2012-06-22,CFN,NYSE,24.92,25.07,24.76,24.93,520226.0,881.0
2012-06-25,CFN,NYSE,24.75,24.78,24.44,24.49,310159.0,993.0
2012-06-26,CFN,NYSE,24.5,24.56,24.36,24.5,206689.0,843.0
2012-06-27,CFN,NYSE,24.54,25.14,24.49,25.04,393776.0,1368.0
2012-06-28,CFN,NYSE,24.93,25.04,24.45,24.86,467855.0,2075.0
2012-06-29,CFN,NYSE,25.21,25.69,25.16,25.68,498141.0,1424.0
2012-07-02,CFN,NYSE,25.73,25.84,25.43,25.82,391601.0,1424.0
2012-07-03,CFN,NYSE,25.72,25.85,25.57,25.7,230399.0,930.0
2012-07-05,CFN,NYSE,25.61,25.76,25.41,25.48,734873.0,1189.0
2012-07-06,CFN,NYSE,25.27,25.54,25.26,25.49,269449.0,1106.0
2012-07-09,CFN,NYSE,25.42,25.6,25.38,25.56,351111.0,1267.0
2012-07-10,CFN,NYSE,25.62,25.65,25.27,25.31,212983.0,1073.0
2012-07-11,CFN,NYSE,25.32,25.54,25.21,25.44,255558.0,1170.0
2012-07-12,CFN,NYSE,25.33,25.37,25.0,25.25,414068.0,1766.0
2012-07-13,CFN,NYSE,25.32,25.6,25.22,25.39,286224.0,1555.0
2012-07-16,CFN,NYSE,25.32,25.38,25.08,25.16,405009.0,1246.0
2012-07-17,CFN,NYSE,25.27,25.68,25.13,25.63,296286.0,1462.0
2012-07-18,CFN,NYSE,25.5,25.76,25.36,25.52,209521.0,1004.0
2012-07-19,CFN,NYSE,25.51,25.65,25.35,25.37,195903.0,800.0
2012-07-20,CFN,NYSE,25.23,25.26,24.87,25.01,322955.0,846.0
2012-07-23,CFN,NYSE,24.75,24.79,24.56,24.67,211063.0,1022.0
2012-07-24,CFN,NYSE,24.57,24.62,23.99,24.1,492229.0,1841.0
2012-07-25,CFN,NYSE,24.19,24.37,24.05,24.26,363407.0,1104.0
2012-07-26,CFN,NYSE,24.59,24.59,24.07,24.17,371969.0,1403.0
2012-07-27,CFN,NYSE,24.2,24.47,24.07,24.39,527398.0,2032.0
2012-07-30,CFN,NYSE,24.32,24.51,24.26,24.43,208648.0,1122.0
2012-07-31,CFN,NYSE,24.4,24.53,24.3,24.41,387252.0,1466.0
2012-08-01,CFN,NYSE,24.43,24.55,24.29,24.41,527620.0,1877.0
2012-08-02,CFN,NYSE,24.25,24.32,23.93,24.01,380813.0,1698.0
2012-08-03,CFN,NYSE,24.37,24.4,24.1,24.12,499100.0,2039.0
2012-08-06,CFN,NYSE,24.19,24.3,24.07,24.1,375302.0,1699.0
2012-08-07,CFN,NYSE,24.13,24.5,24.13,24.35,321283.0,1307.0
2012-08-08,CFN,NYSE,24.34,24.45,24.21,24.4,291773.0,1488.0
2012-08-09,CFN,NYSE,24.41,24.85,24.31,24.57,522806.0,2081.0
2012-08-10,CFN,NYSE,25.88,26.69,25.52,26.29,1336634.0,4838.0
2012-08-13,CFN,NYSE,26.33,27.13,26.31,26.93,786739.0,2884.0
2012-08-14,CFN,NYSE,27.04,27.2,26.63,26.69,479702.0,2246.0
2012-08-15,CFN,NYSE,26.65,26.89,26.6,26.79,283146.0,1205.0
2012-08-16,CFN,NYSE,26.75,26.99,26.64,26.9,311876.0,1336.0
2012-08-17,CFN,NYSE,26.85,27.15,26.82,27.09,491147.0,1220.0
2012-08-20,CFN,NYSE,27.11,27.19,26.84,27.12,295544.0,1047.0
2012-08-21,CFN,NYSE,27.11,27.2,26.95,26.95,304185.0,1380.0
2012-08-22,CFN,NYSE,26.89,26.99,26.59,26.61,334000.0,1268.0
2012-08-23,CFN,NYSE,26.52,26.58,26.27,26.35,378885.0,1579.0
2012-08-24,CFN,NYSE,26.32,26.61,26.25,26.43,330859.0,1164.0
2012-08-27,CFN,NYSE,26.53,26.72,26.36,26.46,234582.0,909.0
2012-08-28,CFN,NYSE,26.4,26.73,26.4,26.5,237919.0,1025.0
2012-08-29,CFN,NYSE,26.5,26.55,26.42,26.46,156602.0,692.0
2012-08-30,CFN,NYSE,26.32,26.51,26.17,26.4,267471.0,1148.0
2012-08-31,CFN,NYSE,26.5,26.57,26.12,26.27,363725.0,1138.0
2012-09-04,CFN,NYSE,26.31,26.5,26.15,26.43,255681.0,1033.0
2012-09-05,CFN,NYSE,26.41,26.52,26.28,26.46,321378.0,1204.0
2012-09-06,CFN,NYSE,26.64,26.92,26.57,26.78,437856.0,1706.0
2012-09-07,CFN,NYSE,26.99,27.88,26.86,27.75,730565.0,2673.0
2012-09-10,CFN,NYSE,27.53,27.77,27.4,27.69,416529.0,1430.0
2012-09-11,CFN,NYSE,27.71,27.95,27.69,27.93,511695.0,1692.0
2012-09-12,CFN,NYSE,27.89,28.39,27.6,27.65,413815.0,1209.0
2012-09-13,CFN,NYSE,27.7,28.03,27.54,27.95,334826.0,1244.0
2012-09-14,CFN,NYSE,27.85,28.11,27.68,27.86,492942.0,1871.0
2012-09-17,CFN,NYSE,27.77,28.04,27.77,27.86,519781.0,1323.0
2012-09-18,CFN,NYSE,27.89,28.52,27.83,28.42,479889.0,2002.0
2012-09-19,CFN,NYSE,28.35,28.62,28.35,28.48,373638.0,1494.0
2012-09-20,CFN,NYSE,28.39,28.5,28.19,28.41,593032.0,1396.0
2012-09-21,CFN,NYSE,28.53,28.7,28.49,28.51,692813.0,1049.0
2012-09-24,CFN,NYSE,28.36,28.48,28.23,28.41,304748.0,1262.0
2012-09-25,CFN,NYSE,28.52,28.61,28.03,28.05,388940.0,1863.0
2012-09-26,CFN,NYSE,28.06,28.1,27.76,27.82,270759.0,1212.0
2012-09-27,CFN,NYSE,27.96,28.73,27.92,28.63,655865.0,2366.0
2012-09-28,CFN,NYSE,28.51,28.51,28.13,28.39,373010.0,1128.0
2012-10-01,CFN,NYSE,28.41,28.58,28.26,28.32,485962.0,1701.0
2012-10-02,CFN,NYSE,28.45,28.62,28.35,28.59,258207.0,1057.0
2012-10-03,CFN,NYSE,28.66,28.78,28.44,28.77,326613.0,953.0
2012-10-04,CFN,NYSE,28.84,28.98,28.65,28.69,299564.0,1026.0
2012-10-05,CFN,NYSE,28.74,28.74,28.5,28.61,332600.0,945.0
2012-10-08,CFN,NYSE,28.55,28.7,28.47,28.62,155883.0,686.0
2012-10-09,CFN,NYSE,28.52,28.57,27.9,27.91,286957.0,1244.0
2012-10-10,CFN,NYSE,27.88,27.93,27.71,27.9,203521.0,793.0
2012-10-11,CFN,NYSE,28.1,28.29,28.03,28.09,250087.0,884.0
2012-10-12,CFN,NYSE,28.13,28.23,27.71,27.79,160551.0,537.0
2012-10-15,CFN,NYSE,27.89,27.99,27.67,27.86,255806.0,668.0
2012-10-16,CFN,NYSE,28.03,28.3,27.99,28.24,141879.0,534.0
2012-10-17,CFN,NYSE,28.27,28.29,27.94,28.08,174919.0,625.0
2012-10-18,CFN,NYSE,27.97,27.97,27.33,27.43,335882.0,1197.0
2012-10-19,CFN,NYSE,27.28,27.44,27.05,27.24,505450.0,1294.0
2012-10-22,CFN,NYSE,27.23,27.5,27.14,27.46,224711.0,901.0
2012-10-23,CFN,NYSE,27.22,27.31,26.71,26.79,228972.0,935.0
2012-10-24,CFN,NYSE,26.91,26.97,26.59,26.66,246984.0,967.0
2012-10-25,CFN,NYSE,26.85,27.09,26.58,26.79,167553.0,701.0
2012-10-26,CFN,NYSE,26.81,26.9,26.44,26.54,293137.0,827.0
2012-10-31,CFN,NYSE,26.54,26.65,26.25,26.56,488001.0,1910.0
2012-11-01,CFN,NYSE,26.54,26.97,26.51,26.83,591128.0,1080.0
2012-11-02,CFN,NYSE,26.93,27.06,26.64,26.69,279164.0,1083.0
2012-11-05,CFN,NYSE,26.61,26.91,26.04,26.76,331701.0,1261.0
2012-11-06,CFN,NYSE,26.77,27.46,26.74,27.26,399035.0,1314.0
2012-11-07,CFN,NYSE,27.07,27.13,26.38,26.89,389310.0,1816.0
2012-11-08,CFN,NYSE,26.78,27.05,26.78,26.82,438418.0,1867.0
2012-11-09,CFN,NYSE,26.67,27.25,26.67,27.05,380709.0,1680.0
2012-11-12,CFN,NYSE,27.14,27.25,26.93,27.06,145211.0,565.0
2012-11-13,CFN,NYSE,26.94,27.1,26.78,26.78,299790.0,1338.0
2012-11-14,CFN,NYSE,26.83,26.95,26.69,26.73,327163.0,1173.0
2012-11-15,CFN,NYSE,26.73,26.89,26.51,26.58,404207.0,1251.0
2012-11-16,CFN,NYSE,26.38,26.84,26.38,26.77,667774.0,1492.0
2012-11-19,CFN,NYSE,27.0,27.27,27.0,27.24,231275.0,858.0
2012-11-20,CFN,NYSE,27.35,27.63,27.2,27.53,263381.0,1059.0
2012-11-21,CFN,NYSE,27.54,27.69,27.38,27.66,144194.0,551.0
2012-11-23,CFN,NYSE,27.72,28.06,27.52,28.04,133795.0,607.0
2012-11-26,CFN,NYSE,27.92,27.92,27.67,27.9,350000.0,869.0
2012-11-27,CFN,NYSE,27.5,27.98,27.47,27.77,323765.0,930.0
2012-11-28,CFN,NYSE,27.69,27.97,27.35,27.81,226335.0,920.0
2012-11-29,CFN,NYSE,27.95,28.03,27.7,27.82,213131.0,889.0
2012-11-30,CFN,NYSE,27.91,27.94,27.66,27.92,657978.0,1108.0
2012-12-03,CFN,NYSE,27.97,28.05,27.69,27.75,157784.0,602.0
2012-12-04,CFN,NYSE,27.73,27.94,27.61,27.69,193145.0,798.0
2012-12-05,CFN,NYSE,27.72,27.8,27.53,27.68,226481.0,1101.0
2012-12-06,CFN,NYSE,27.64,27.83,27.54,27.77,214886.0,636.0
2012-12-07,CFN,NYSE,27.81,27.96,27.66,27.96,110822.0,482.0
2012-12-10,CFN,NYSE,27.87,28.16,27.87,28.03,175322.0,572.0
2012-12-11,CFN,NYSE,28.08,28.21,27.95,28.14,251447.0,879.0
2012-12-12,CFN,NYSE,28.23,28.38,28.15,28.23,261010.0,1076.0
2012-12-13,CFN,NYSE,28.22,28.35,28.13,28.17,139946.0,518.0
2012-12-14,CFN,NYSE,28.13,28.27,28.05,28.08,187397.0,726.0
2012-12-17,CFN,NYSE,28.11,28.26,28.08,28.26,152110.0,520.0
2012-12-18,CFN,NYSE,28.3,28.43,28.16,28.43,167534.0,635.0
2012-12-19,CFN,NYSE,28.41,28.55,28.28,28.48,194709.0,806.0
2012-12-20,CFN,NYSE,28.53,29.07,28.5,29.05,424833.0,1532.0
2012-12-21,CFN,NYSE,28.9,28.98,28.63,28.76,785430.0,1148.0
2012-12-24,CFN,NYSE,28.76,28.85,28.61,28.69,99053.0,385.0
2012-12-26,CFN,NYSE,28.7,28.76,28.4,28.49,170713.0,831.0
2012-12-27,CFN,NYSE,28.48,28.56,28.11,28.5,178142.0,871.0
2012-12-28,CFN,NYSE,28.39,28.52,28.25,28.34,184628.0,649.0
2012-12-31,CFN,NYSE,28.34,28.59,28.03,28.58,287096.0,974.0
2013-01-02,CFN,NYSE,28.95,29.29,28.85,29.28,287250.0,904.0
2013-01-03,CFN,NYSE,28.78,29.18,28.77,29.09,348740.0,1287.0
2013-01-04,CFN,NYSE,29.1,29.18,28.88,29.1,283826.0,1245.0
2013-01-07,CFN,NYSE,28.99,29.26,28.88,29.26,372366.0,1088.0
2013-01-08,CFN,NYSE,29.26,29.32,29.1,29.24,198052.0,656.0
2013-01-09,CFN,NYSE,29.36,29.47,29.29,29.47,183525.0,627.0
2013-01-10,CFN,NYSE,29.54,29.66,29.39,29.65,262283.0,989.0
2013-01-11,CFN,NYSE,29.69,29.71,29.33,29.4,163605.0,629.0
2013-01-14,CFN,NYSE,29.42,29.69,29.42,29.64,219889.0,636.0
2013-01-15,CFN,NYSE,29.53,29.97,29.48,29.93,254972.0,820.0
2013-01-16,CFN,NYSE,29.85,30.18,29.77,30.15,328545.0,1013.0
2013-01-17,CFN,NYSE,30.26,30.51,30.22,30.44,231467.0,732.0
2013-01-18,CFN,NYSE,30.64,30.77,30.46,30.72,487721.0,905.0
2013-01-22,CFN,NYSE,30.75,30.82,30.48,30.81,215960.0,777.0
2013-01-23,CFN,NYSE,30.75,30.8,30.53,30.56,205827.0,755.0
2013-01-24,CFN,NYSE,30.58,30.77,30.58,30.74,207851.0,729.0
2013-01-25,CFN,NYSE,30.8,31.44,30.68,31.44,350856.0,951.0
2013-01-28,CFN,NYSE,31.49,31.55,31.11,31.12,283563.0,946.0
2013-01-29,CFN,NYSE,31.03,31.4,31.03,31.3,280920.0,838.0
2013-01-30,CFN,NYSE,31.26,31.33,31.09,31.15,198138.0,642.0
2013-01-31,CFN,NYSE,31.07,31.18,30.86,31.04,239976.0,566.0
2013-02-01,CFN,NYSE,31.15,31.44,31.14,31.33,322030.0,1493.0
2013-02-04,CFN,NYSE,31.14,31.19,30.8,30.89,335901.0,1223.0
2013-02-05,CFN,NYSE,30.99,31.42,30.93,31.39,415023.0,1125.0
2013-02-06,CFN,NYSE,31.36,31.54,31.29,31.44,332092.0,1087.0
2013-02-07,CFN,NYSE,31.43,31.86,31.38,31.83,297902.0,1370.0
2013-02-08,CFN,NYSE,31.78,32.54,30.78,31.85,472122.0,1993.0
2013-02-11,CFN,NYSE,31.43,32.46,31.43,32.12,785604.0,1737.0
2013-02-12,CFN,NYSE,32.14,32.44,31.91,32.43,384118.0,1261.0
2013-02-13,CFN,NYSE,32.44,32.46,31.94,32.06,550055.0,1565.0
2013-02-14,CFN,NYSE,33.03,33.36,32.36,32.74,938985.0,2390.0
2013-02-15,CFN,NYSE,32.68,32.91,32.45,32.8,462149.0,1037.0
2013-02-19,CFN,NYSE,32.8,33.21,32.7,33.07,367028.0,1114.0
2013-02-20,CFN,NYSE,33.07,33.61,32.6,32.71,429487.0,1748.0
2013-02-21,CFN,NYSE,32.58,32.74,31.92,32.2,475307.0,1939.0
2013-02-22,CFN,NYSE,32.34,32.73,32.13,32.72,310917.0,1111.0
2013-02-25,CFN,NYSE,32.87,32.93,31.65,31.65,496200.0,1896.0
2013-02-26,CFN,NYSE,31.76,32.18,31.51,32.09,479311.0,2107.0
2013-02-27,CFN,NYSE,32.1,32.5,32.02,32.44,261607.0,1197.0
2013-02-28,CFN,NYSE,32.49,32.99,32.41,32.74,476592.0,1541.0
2013-03-01,CFN,NYSE,32.69,33.15,32.46,32.96,306520.0,1132.0
2013-03-04,CFN,NYSE,32.86,33.06,32.65,33.04,330062.0,912.0
2013-03-05,CFN,NYSE,33.17,33.57,32.99,33.39,314299.0,1142.0
2013-03-06,CFN,NYSE,33.49,33.67,33.25,33.26,231657.0,886.0
2013-03-07,CFN,NYSE,33.27,33.48,33.22,33.35,526265.0,1759.0
2013-03-08,CFN,NYSE,33.39,33.66,33.36,33.46,490114.0,1708.0
2013-03-11,CFN,NYSE,33.4,33.77,33.4,33.68,245295.0,1172.0
2013-03-12,CFN,NYSE,33.53,34.04,33.52,34.04,363103.0,1057.0
2013-03-13,CFN,NYSE,34.01,34.35,33.96,34.33,323602.0,1172.0
2013-03-14,CFN,NYSE,34.36,34.64,34.26,34.39,390599.0,1661.0
2013-03-15,CFN,NYSE,34.25,34.51,34.16,34.31,750807.0,1396.0
2013-03-18,CFN,NYSE,33.99,34.15,33.88,33.93,182164.0,666.0
2013-03-19,CFN,NYSE,33.95,34.12,33.65,33.82,219296.0,876.0
2013-03-20,CFN,NYSE,33.98,34.24,33.98,34.17,249412.0,962.0
2013-03-21,CFN,NYSE,34.0,34.25,33.96,34.19,226143.0,997.0
2013-03-22,CFN,NYSE,34.29,34.7,34.25,34.68,252246.0,1052.0
2013-03-25,CFN,NYSE,34.77,34.94,34.19,34.39,279451.0,1096.0
2013-03-26,CFN,NYSE,34.54,34.81,34.49,34.8,143075.0,624.0
2013-03-27,CFN,NYSE,34.56,34.96,34.51,34.92,257139.0,888.0
2013-03-28,CFN,NYSE,34.92,35.0,34.8,34.99,441661.0,913.0
2013-04-01,CFN,NYSE,34.97,34.99,34.63,34.76,238700.0,972.0
2013-04-02,CFN,NYSE,34.9,35.11,34.78,34.93,251539.0,874.0
2013-04-03,CFN,NYSE,34.95,34.98,34.42,34.53,376147.0,1239.0
2013-04-04,CFN,NYSE,34.65,35.0,34.58,34.78,246454.0,1019.0
2013-04-05,CFN,NYSE,34.34,34.58,34.16,34.53,239661.0,815.0
2013-04-08,CFN,NYSE,34.48,34.52,34.18,34.48,248729.0,813.0
2013-04-09,CFN,NYSE,34.61,34.76,34.48,34.51,359567.0,1255.0
2013-04-10,CFN,NYSE,34.59,34.83,34.57,34.83,207276.0,646.0
2013-04-11,CFN,NYSE,34.87,35.47,34.84,35.39,235928.0,1052.0
2013-04-12,CFN,NYSE,35.28,35.61,35.23,35.29,267726.0,999.0
2013-04-15,CFN,NYSE,35.21,35.3,34.33,34.33,361954.0,1527.0
2013-04-16,CFN,NYSE,34.61,34.93,34.32,34.92,222582.0,976.0
2013-04-17,CFN,NYSE,34.76,34.83,34.43,34.52,348902.0,1553.0
2013-04-18,CFN,NYSE,34.56,34.56,34.01,34.2,214036.0,1064.0
2013-04-19,CFN,NYSE,34.32,34.58,34.15,34.55,287657.0,834.0
2013-04-22,CFN,NYSE,34.59,34.64,33.79,34.01,561599.0,1770.0
2013-04-23,CFN,NYSE,34.22,34.5,33.97,34.28,355510.0,1553.0
2013-04-24,CFN,NYSE,34.39,34.48,34.21,34.26,234921.0,1063.0
2013-04-25,CFN,NYSE,34.47,34.73,34.39,34.46,372979.0,1209.0
2013-04-26,CFN,NYSE,34.34,34.42,33.56,33.76,502991.0,1883.0
2013-04-29,CFN,NYSE,33.87,33.98,33.65,33.78,416665.0,1446.0
2013-04-30,CFN,NYSE,33.75,33.75,33.25,33.44,990569.0,2071.0
2013-05-01,CFN,NYSE,33.27,33.8,32.97,33.21,528416.0,1776.0
2013-05-02,CFN,NYSE,33.39,33.78,33.29,33.6,301529.0,1093.0
2013-05-03,CFN,NYSE,33.91,34.39,33.86,34.14,325087.0,1041.0
2013-05-06,CFN,NYSE,34.12,34.32,34.01,34.3,346949.0,1009.0
2013-05-07,CFN,NYSE,34.33,34.4,34.17,34.3,295044.0,795.0
2013-05-08,CFN,NYSE,34.3,34.67,34.29,34.62,288261.0,1203.0
2013-05-09,CFN,NYSE,34.64,34.99,34.5,34.65,331047.0,1341.0
2013-05-10,CFN,NYSE,33.49,33.59,32.48,33.59,715285.0,3176.0
2013-05-13,CFN,NYSE,33.41,33.88,33.39,33.77,243236.0,929.0
2013-05-14,CFN,NYSE,33.83,34.05,33.64,33.83,455986.0,1797.0
2013-05-15,CFN,NYSE,33.81,33.86,33.59,33.7,368228.0,1540.0
2013-05-16,CFN,NYSE,33.61,33.79,33.29,33.69,405199.0,1567.0
2013-05-17,CFN,NYSE,33.88,34.42,33.77,34.36,627067.0,1612.0
2013-05-20,CFN,NYSE,34.29,34.39,34.09,34.1,230612.0,891.0
2013-05-21,CFN,NYSE,34.13,34.35,34.08,34.13,237700.0,875.0
2013-05-22,CFN,NYSE,34.1,35.05,34.01,34.17,925619.0,3536.0
2013-05-23,CFN,NYSE,33.78,34.64,33.78,34.41,942290.0,2759.0
2013-05-24,CFN,NYSE,34.22,34.59,34.02,34.41,545363.0,1701.0
2013-05-28,CFN,NYSE,34.77,35.36,34.75,34.9,649632.0,1851.0
2013-05-29,CFN,NYSE,34.74,35.03,34.37,34.82,727786.0,2314.0
2013-05-30,CFN,NYSE,34.8,37.32,34.77,36.75,1598010.0,5290.0
2013-05-31,CFN,NYSE,36.69,38.08,36.58,36.75,1216134.0,3966.0
2013-06-03,CFN,NYSE,36.83,37.3,36.42,37.28,1121953.0,3387.0
2013-06-04,CFN,NYSE,37.27,37.98,37.12,37.7,1141441.0,3636.0
2013-06-05,CFN,NYSE,37.58,38.38,37.45,37.46,1166828.0,4138.0
2013-06-06,CFN,NYSE,37.5,37.67,37.15,37.54,693451.0,2996.0
2013-06-07,CFN,NYSE,37.7,38.37,37.38,38.17,789319.0,2764.0
2013-06-10,CFN,NYSE,38.23,38.48,37.69,37.9,833353.0,2678.0
2013-06-11,CFN,NYSE,37.64,38.48,37.47,37.98,609634.0,2264.0
2013-06-12,CFN,NYSE,38.15,38.38,37.49,37.5,645494.0,2061.0
2013-06-13,CFN,NYSE,37.39,38.12,36.87,38.02,643873.0,2291.0
2013-06-14,CFN,NYSE,38.03,38.13,37.66,37.8,489780.0,1680.0
2013-06-17,CFN,NYSE,38.07,38.32,37.62,37.95,692637.0,2459.0
2013-06-18,CFN,NYSE,37.98,38.31,37.68,38.07,525944.0,1540.0
2013-06-19,CFN,NYSE,38.02,38.23,37.53,37.53,566559.0,2338.0
2013-06-20,CFN,NYSE,37.3,37.38,36.03,36.14,804974.0,3056.0
2013-06-21,CFN,NYSE,36.46,37.16,36.46,37.01,1080913.0,2558.0
2013-06-24,CFN,NYSE,36.59,36.82,36.34,36.5,525118.0,2363.0
2013-06-25,CFN,NYSE,36.82,36.98,36.47,36.81,378885.0,1321.0
2013-06-26,CFN,NYSE,37.1,37.1,36.32,36.36,535624.0,2252.0
2013-06-27,CFN,NYSE,36.58,37.48,36.58,37.12,395935.0,1557.0
2013-06-28,CFN,NYSE,37.12,37.36,36.83,36.85,653896.0,1715.0
2013-07-01,CFN,NYSE,36.97,37.49,36.86,37.35,309596.0,1189.0
2013-07-02,CFN,NYSE,37.36,37.46,37.0,37.27,275762.0,1135.0
2013-07-03,CFN,NYSE,37.1,37.54,36.92,37.39,245574.0,1040.0
2013-07-05,CFN,NYSE,37.61,37.79,37.18,37.58,294855.0,1214.0
2013-07-08,CFN,NYSE,37.7,38.38,37.59,38.24,406742.0,1537.0
2013-07-09,CFN,NYSE,38.24,38.33,37.13,37.31,482659.0,1744.0
2013-07-10,CFN,NYSE,37.23,38.05,37.23,37.89,352351.0,1412.0
2013-07-11,CFN,NYSE,38.15,38.64,37.82,38.52,525488.0,1489.0
2013-07-12,CFN,NYSE,38.57,38.97,38.39,38.56,389823.0,1390.0
2013-07-15,CFN,NYSE,38.49,39.2,38.49,39.13,381588.0,1277.0
2013-07-16,CFN,NYSE,39.12,39.2,38.49,38.61,255751.0,1066.0
2013-07-17,CFN,NYSE,38.69,38.9,38.51,38.61,214437.0,770.0
2013-07-18,CFN,NYSE,38.7,39.09,38.59,38.82,219393.0,1030.0
2013-07-19,CFN,NYSE,38.82,38.97,38.61,38.79,724078.0,2135.0
2013-07-22,CFN,NYSE,38.76,38.9,38.33,38.88,400885.0,1693.0
2013-07-23,CFN,NYSE,38.95,39.0,38.74,38.77,234849.0,971.0
2013-07-24,CFN,NYSE,38.86,39.03,38.7,38.78,266828.0,1328.0
2013-07-25,CFN,NYSE,38.67,38.95,38.66,38.72,293446.0,1116.0
2013-07-26,CFN,NYSE,38.5,38.6,37.97,38.34,530878.0,1822.0
2013-07-29,CFN,NYSE,38.34,38.38,38.04,38.18,252818.0,998.0
2013-07-30,CFN,NYSE,38.37,38.87,38.3,38.59,312424.0,1400.0
2013-07-31,CFN,NYSE,38.69,39.1,38.45,38.57,466706.0,1760.0
2013-08-01,CFN,NYSE,38.77,39.38,38.65,38.95,485943.0,1465.0
2013-08-02,CFN,NYSE,38.92,39.14,35.06,36.61,1552522.0,6378.0
2013-08-05,CFN,NYSE,36.5,37.32,36.0,37.11,855931.0,2978.0
2013-08-06,CFN,NYSE,37.08,37.47,37.0,37.2,571165.0,1795.0
2013-08-07,CFN,NYSE,37.06,37.29,36.88,36.91,455113.0,1796.0
2013-08-08,CFN,NYSE,37.14,37.48,37.08,37.32,448950.0,1757.0
2013-08-09,CFN,NYSE,37.15,37.58,36.95,36.95,539467.0,2162.0
2013-08-12,CFN,NYSE,36.66,37.11,36.62,37.1,335747.0,1515.0
2013-08-13,CFN,NYSE,37.09,37.94,37.02,37.76,379542.0,1391.0
2013-08-14,CFN,NYSE,37.68,37.94,37.41,37.45,347846.0,1261.0
2013-08-15,CFN,NYSE,37.15,37.15,36.16,36.17,444576.0,1724.0
2013-08-16,CFN,NYSE,35.97,36.03,35.44,35.82,603375.0,2145.0
2013-08-19,CFN,NYSE,35.72,36.31,35.72,35.74,411952.0,1543.0
2013-08-20,CFN,NYSE,35.73,36.08,35.73,35.8,322210.0,1120.0
2013-08-21,CFN,NYSE,35.75,35.82,35.4,35.47,438937.0,1742.0
2013-08-22,CFN,NYSE,35.58,35.8,35.45,35.66,279502.0,1263.0
2013-08-23,CFN,NYSE,35.73,35.8,35.48,35.68,191625.0,747.0
2013-08-26,CFN,NYSE,35.67,35.92,35.51,35.52,215952.0,1062.0
2013-08-27,CFN,NYSE,35.22,35.37,35.05,35.09,447233.0,1671.0
2013-08-28,CFN,NYSE,35.11,35.58,35.02,35.27,503405.0,2134.0
2013-08-29,CFN,NYSE,35.12,35.85,35.12,35.64,500149.0,1866.0
2013-08-30,CFN,NYSE,35.7,36.08,35.67,35.85,863242.0,2598.0
2013-09-03,CFN,NYSE,36.08,36.24,35.46,35.73,698728.0,3097.0
2013-09-04,CFN,NYSE,35.76,36.5,35.66,36.32,476100.0,1756.0
2013-09-05,CFN,NYSE,36.33,36.9,36.31,36.65,390428.0,1592.0
2013-09-06,CFN,NYSE,36.68,36.87,35.9,36.62,361159.0,1554.0
2013-09-09,CFN,NYSE,36.55,37.21,36.55,37.21,465270.0,1442.0
2013-09-10,CFN,NYSE,37.39,37.45,37.04,37.12,620232.0,2535.0
2013-09-11,CFN,NYSE,37.12,37.64,37.12,37.39,640713.0,2333.0
2013-09-12,CFN,NYSE,37.39,37.39,36.97,37.09,585530.0,2067.0
2013-09-13,CFN,NYSE,37.21,37.34,37.05,37.18,256732.0,1045.0
2013-09-16,CFN,NYSE,37.46,38.09,37.46,37.94,400516.0,1604.0
2013-09-17,CFN,NYSE,37.95,38.36,37.89,38.19,384550.0,1786.0
2013-09-18,CFN,NYSE,38.26,38.45,37.99,38.28,394720.0,1304.0
2013-09-19,CFN,NYSE,38.27,38.5,37.75,37.97,539052.0,1441.0
2013-09-20,CFN,NYSE,38.17,38.31,37.842,38.09,1186151.0,1338.0
2013-09-23,CFN,NYSE,37.97,38.1,37.6,37.87,312685.0,1384.0
2013-09-24,CFN,NYSE,37.88,37.92,37.3,37.35,353957.0,1439.0
2013-09-25,CFN,NYSE,37.34,37.59,37.17,37.2,318108.0,1314.0
2013-09-26,CFN,NYSE,37.22,37.74,37.02,37.1,325140.0,1297.0
2013-09-27,CFN,NYSE,36.91,37.07,36.83,36.94,281698.0,1235.0
2013-09-30,CFN,NYSE,36.75,37.1,36.66,36.9,393150.0,1183.0
2013-10-01,CFN,NYSE,36.77,37.17,36.77,36.99,382642.0,1337.0
2013-10-02,CFN,NYSE,36.88,37.55,36.88,37.53,436781.0,1471.0
2013-10-03,CFN,NYSE,37.43,37.58,37.08,37.42,469287.0,1335.0
2013-10-04,CFN,NYSE,37.4,37.77,37.36,37.51,295617.0,1419.0
2013-10-07,CFN,NYSE,37.26,37.47,37.01,37.01,394572.0,1150.0
2013-10-08,CFN,NYSE,37.01,37.41,36.73,36.73,264836.0,861.0
2013-10-09,CFN,NYSE,36.87,37.13,36.76,36.95,207081.0,1043.0
2013-10-10,CFN,NYSE,37.26,37.75,37.26,37.75,221820.0,1031.0
2013-10-11,CFN,NYSE,37.61,38.04,37.6,38.03,207648.0,902.0
2013-10-14,CFN,NYSE,37.86,38.41,37.7,38.39,270570.0,1020.0
2013-10-15,CFN,NYSE,38.31,38.39,37.9,38.07,253613.0,1310.0
2013-10-16,CFN,NYSE,38.31,38.78,38.3,38.76,309208.0,1009.0
2013-10-17,CFN,NYSE,38.62,39.56,38.61,39.42,344218.0,1537.0
2013-10-18,CFN,NYSE,39.6,39.6,38.98,39.24,502134.0,1572.0
2013-10-21,CFN,NYSE,39.18,39.22,38.88,39.08,258431.0,1241.0
2013-10-22,CFN,NYSE,39.2,39.53,39.12,39.32,196109.0,977.0
2013-10-23,CFN,NYSE,39.24,39.61,39.07,39.49,206845.0,1032.0
2013-10-24,CFN,NYSE,39.45,39.64,39.26,39.48,249560.0,875.0
2013-10-25,CFN,NYSE,39.44,39.44,38.69,38.94,374934.0,1314.0
2013-10-28,CFN,NYSE,39.0,39.27,38.85,39.01,480551.0,1436.0
2013-10-29,CFN,NYSE,39.07,39.54,39.05,39.36,219721.0,959.0
2013-10-30,CFN,NYSE,39.47,39.53,38.66,38.82,279970.0,1358.0
2013-10-31,CFN,NYSE,38.86,39.01,38.6,38.77,572972.0,1864.0
2013-11-01,CFN,NYSE,38.86,39.21,38.52,38.9,262677.0,1162.0
2013-11-04,CFN,NYSE,38.91,39.24,38.87,39.12,197314.0,871.0
2013-11-05,CFN,NYSE,38.92,39.02,38.67,38.67,231496.0,1046.0
2013-11-06,CFN,NYSE,38.79,38.9,38.36,38.6,228153.0,1066.0
2013-11-07,CFN,NYSE,38.66,38.81,38.21,38.22,363126.0,1650.0
2013-11-08,CFN,NYSE,37.7,38.16,37.11,37.65,525285.0,2391.0
2013-11-11,CFN,NYSE,37.77,38.1,37.69,37.88,364030.0,1400.0
2013-11-12,CFN,NYSE,37.7,37.98,37.56,37.94,276073.0,1326.0
2013-11-13,CFN,NYSE,37.86,39.0,37.82,38.99,732887.0,2473.0
2013-11-14,CFN,NYSE,39.0,39.3,38.85,39.27,385466.0,1669.0
2013-11-15,CFN,NYSE,39.52,39.55,38.95,39.18,332320.0,1073.0
2013-11-18,CFN,NYSE,39.16,39.42,38.49,38.63,484432.0,1731.0
2013-11-19,CFN,NYSE,38.77,38.78,38.43,38.73,332778.0,1322.0
2013-11-20,CFN,NYSE,38.82,38.94,38.57,38.77,232437.0,1182.0
2013-11-21,CFN,NYSE,38.95,39.08,38.81,38.9,255000.0,960.0
2013-11-22,CFN,NYSE,39.0,39.4,38.78,39.37,314582.0,1161.0
2013-11-25,CFN,NYSE,39.54,39.58,39.2,39.22,207359.0,859.0
2013-11-26,CFN,NYSE,39.15,39.93,39.15,39.77,606407.0,1523.0
2013-11-27,CFN,NYSE,39.87,39.95,39.74,39.85,239832.0,907.0
2013-11-29,CFN,NYSE,39.84,40.03,39.82,39.85,191401.0,399.0
2013-12-02,CFN,NYSE,39.91,40.28,39.76,40.11,350827.0,1192.0
2013-12-03,CFN,NYSE,40.0,40.0,39.29,39.67,271806.0,1129.0
2013-12-04,CFN,NYSE,39.47,39.76,39.13,39.41,241197.0,1038.0
2013-12-05,CFN,NYSE,39.26,39.62,39.24,39.5,271872.0,1029.0
2013-12-06,CFN,NYSE,39.88,39.97,39.57,39.67,238500.0,820.0
2013-12-09,CFN,NYSE,39.86,40.24,39.67,40.24,325025.0,1128.0
2013-12-10,CFN,NYSE,40.06,40.1,39.46,39.47,212431.0,988.0
2013-12-11,CFN,NYSE,39.41,39.47,38.59,38.61,329403.0,1632.0
2013-12-12,CFN,NYSE,38.53,38.8,38.33,38.68,327739.0,1489.0
2013-12-13,CFN,NYSE,38.66,39.19,38.66,38.71,321844.0,1375.0
2013-12-16,CFN,NYSE,39.01,39.67,39.01,39.49,420855.0,1428.0
2013-12-17,CFN,NYSE,38.7,38.7,37.61,38.49,742028.0,3316.0
2013-12-18,CFN,NYSE,38.63,39.66,38.43,39.51,643745.0,2428.0
2013-12-19,CFN,NYSE,39.5,39.6,39.22,39.54,324482.0,1270.0
2013-12-20,CFN,NYSE,39.52,39.72,39.33,39.4,917762.0,1673.0
2013-12-23,CFN,NYSE,39.54,39.75,39.39,39.53,222663.0,1058.0
2013-12-24,CFN,NYSE,39.52,40.06,39.52,39.8,102529.0,538.0
2013-12-26,CFN,NYSE,39.85,39.95,39.5,39.67,153188.0,809.0
2013-12-27,CFN,NYSE,40.07,40.07,39.78,39.8,136324.0,704.0
2013-12-30,CFN,NYSE,39.84,40.02,39.7,39.97,208630.0,709.0
2013-12-31,CFN,NYSE,40.0,40.15,39.65,39.82,272091.0,984.0
2014-01-02,CFN,NYSE,39.81,39.92,39.11,39.21,261375.0,1096.0
2014-01-03,CFN,NYSE,39.27,39.46,38.98,39.0,388504.0,1797.0
2014-01-06,CFN,NYSE,39.22,39.74,39.22,39.52,484496.0,1821.0
2014-01-07,CFN,NYSE,39.87,40.25,39.85,40.03,443853.0,1781.0
2014-01-08,CFN,NYSE,40.05,40.36,39.88,40.31,427952.0,1427.0
2014-01-09,CFN,NYSE,40.45,41.25,40.17,41.25,491196.0,1929.0
2014-01-10,CFN,NYSE,41.14,41.29,40.96,41.22,287338.0,1190.0
2014-01-13,CFN,NYSE,41.09,41.5,40.68,40.75,337877.0,1500.0
2014-01-14,CFN,NYSE,40.91,41.28,40.91,41.04,330233.0,1322.0
2014-01-15,CFN,NYSE,41.03,41.34,40.66,40.86,333948.0,1376.0
2014-01-16,CFN,NYSE,40.83,41.01,40.59,40.94,249891.0,980.0
2014-01-17,CFN,NYSE,41.52,41.52,40.66,40.75,486875.0,1319.0
2014-01-21,CFN,NYSE,40.88,41.04,40.53,40.78,154712.0,808.0
2014-01-22,CFN,NYSE,40.77,41.03,40.62,40.8,214805.0,846.0
2014-01-23,CFN,NYSE,40.58,40.6,40.21,40.33,231131.0,920.0
2014-01-24,CFN,NYSE,40.23,40.33,39.09,39.1,502304.0,2127.0
2014-01-27,CFN,NYSE,39.13,39.53,38.97,39.2,237981.0,1308.0
2014-01-28,CFN,NYSE,39.24,39.95,39.24,39.92,200199.0,1035.0
2014-01-29,CFN,NYSE,39.71,40.66,39.66,40.52,402764.0,2195.0
2014-01-30,CFN,NYSE,40.73,41.98,40.53,41.71,485372.0,2509.0
2014-01-31,CFN,NYSE,41.15,41.24,40.45,40.77,499586.0,2019.0
2014-02-03,CFN,NYSE,40.85,40.85,39.48,39.8,502657.0,2451.0
2014-02-04,CFN,NYSE,38.15,39.46,38.15,38.64,1119514.0,4856.0
2014-02-05,CFN,NYSE,38.45,38.77,37.87,38.52,503481.0,2559.0
2014-02-06,CFN,NYSE,38.66,39.12,38.44,38.78,307122.0,1358.0
2014-02-07,CFN,NYSE,38.91,39.62,38.74,39.56,268386.0,1294.0
2014-02-10,CFN,NYSE,39.68,40.11,39.62,40.02,330823.0,1607.0
2014-02-11,CFN,NYSE,40.06,40.53,39.91,40.5,316153.0,1438.0
2014-02-12,CFN,NYSE,40.68,40.99,40.48,40.8,383866.0,1636.0
2014-02-13,CFN,NYSE,40.66,41.23,40.45,41.15,253831.0,1188.0
2014-02-14,CFN,NYSE,41.19,41.36,40.94,40.95,241368.0,1079.0
2014-02-18,CFN,NYSE,41.1,41.54,41.08,41.42,401362.0,1216.0
2014-02-19,CFN,NYSE,41.34,41.7,41.03,41.05,186960.0,1011.0
2014-02-20,CFN,NYSE,41.11,41.68,40.9,41.63,216918.0,1085.0
2014-02-21,CFN,NYSE,41.62,41.73,41.07,41.08,403069.0,1396.0
2014-02-24,CFN,NYSE,41.09,41.53,41.09,41.1,237474.0,1033.0
2014-02-25,CFN,NYSE,40.99,41.08,40.58,40.66,289689.0,1154.0
2014-02-26,CFN,NYSE,40.69,41.15,40.67,40.84,268354.0,1317.0
2014-02-27,CFN,NYSE,40.77,40.86,40.34,40.85,279728.0,1400.0
2014-02-28,CFN,NYSE,40.88,41.17,40.25,40.53,798271.0,1947.0
2014-03-03,CFN,NYSE,40.17,40.46,40.06,40.24,181382.0,1011.0
2014-03-04,CFN,NYSE,40.62,41.55,40.62,41.48,336894.0,1392.0
2014-03-05,CFN,NYSE,41.36,41.38,40.83,41.01,211114.0,1156.0
2014-03-06,CFN,NYSE,41.11,41.72,41.11,41.61,348108.0,1302.0
2014-03-07,CFN,NYSE,41.72,41.79,41.16,41.35,329613.0,1598.0
2014-03-10,CFN,NYSE,41.34,41.71,41.22,41.55,175859.0,997.0
2014-03-11,CFN,NYSE,41.55,41.6,40.84,41.06,214962.0,1393.0
2014-03-12,CFN,NYSE,40.72,40.94,40.58,40.92,314215.0,1424.0
2014-03-13,CFN,NYSE,41.07,41.17,40.64,40.79,236722.0,1201.0
2014-03-14,CFN,NYSE,40.75,41.09,40.16,40.24,208633.0,1099.0
2014-03-17,CFN,NYSE,40.34,40.73,40.311,40.53,189542.0,1019.0
2014-03-18,CFN,NYSE,40.56,41.32,40.38,41.13,154277.0,790.0
2014-03-19,CFN,NYSE,41.23,41.35,40.57,40.79,189026.0,841.0
2014-03-20,CFN,NYSE,40.66,40.92,40.49,40.9,146428.0,637.0
2014-03-21,CFN,NYSE,41.29,41.29,40.07,40.2,807848.0,1371.0
2014-03-24,CFN,NYSE,40.24,40.31,39.4,39.68,259023.0,1026.0
2014-03-25,CFN,NYSE,39.86,40.24,39.46,39.87,258064.0,1084.0
2014-03-26,CFN,NYSE,40.03,40.34,39.36,39.36,263357.0,1439.0
2014-03-27,CFN,NYSE,39.43,39.47,39.04,39.34,320579.0,1722.0
2014-03-28,CFN,NYSE,39.49,39.93,39.29,39.47,252198.0,1232.0
2014-03-31,CFN,NYSE,39.76,40.37,39.65,40.22,552114.0,1768.0
2014-04-01,CFN,NYSE,40.35,40.65,39.83,40.36,327273.0,1514.0
2014-04-02,CFN,NYSE,40.3,40.4,39.99,40.33,248979.0,1191.0
2014-04-03,CFN,NYSE,40.41,40.87,40.18,40.73,509129.0,1646.0
2014-04-04,CFN,NYSE,40.88,42.09,40.6,40.67,497062.0,2660.0
2014-04-07,CFN,NYSE,40.61,40.78,39.54,39.86,311917.0,1536.0
2014-04-08,CFN,NYSE,39.83,39.95,39.07,39.08,508736.0,2312.0
2014-04-09,CFN,NYSE,39.1,40.07,38.79,40.02,311014.0,1653.0
2014-04-10,CFN,NYSE,40.04,40.12,38.88,38.9,327550.0,1537.0
2014-04-11,CFN,NYSE,38.58,39.015,38.25,38.34,314448.0,1617.0
2014-04-14,CFN,NYSE,38.55,38.85,38.34,38.74,246159.0,1757.0
2014-04-15,CFN,NYSE,38.75,38.89,37.76,38.65,270990.0,1754.0
2014-04-16,CFN,NYSE,39.02,39.11,38.19,38.35,320558.0,1636.0
2014-04-17,CFN,NYSE,38.27,38.74,38.24,38.5,245299.0,995.0
2014-04-21,CFN,NYSE,38.51,38.65,38.34,38.45,214605.0,1013.0
2014-04-22,CFN,NYSE,38.52,38.7,38.34,38.44,445206.0,1668.0
2014-04-23,CFN,NYSE,38.41,38.56,38.24,38.26,259182.0,1099.0
2014-04-24,CFN,NYSE,38.48,38.51,38.17,38.39,221967.0,1296.0
2014-04-25,CFN,NYSE,38.29,38.29,37.78,38.16,272680.0,1394.0
2014-04-28,CFN,NYSE,38.3,38.97,38.09,38.72,608651.0,2836.0
2014-04-29,CFN,NYSE,38.89,39.04,38.64,38.81,294020.0,1094.0
2014-04-30,CFN,NYSE,38.72,39.09,38.54,39.06,342446.0,1176.0
2014-05-01,CFN,NYSE,39.01,39.11,38.53,38.92,239601.0,1440.0
2014-05-02,CFN,NYSE,39.01,39.33,38.85,39.06,272376.0,1409.0
2014-05-05,CFN,NYSE,38.83,39.39,38.68,39.39,374474.0,1645.0
2014-05-06,CFN,NYSE,38.1,40.27,38.07,39.33,663298.0,3214.0
2014-05-07,CFN,NYSE,39.58,40.28,39.58,40.06,469843.0,2168.0
2014-05-08,CFN,NYSE,40.0,40.81,39.98,40.55,439999.0,2267.0
2014-05-09,CFN,NYSE,40.56,41.01,40.19,41.0,404210.0,1867.0
2014-05-12,CFN,NYSE,41.1,41.37,41.04,41.24,238549.0,1144.0
2014-05-13,CFN,NYSE,41.28,41.67,41.13,41.23,257527.0,1253.0
2014-05-14,CFN,NYSE,41.28,41.3,41.0,41.19,325034.0,1329.0
2014-05-15,CFN,NYSE,40.96,42.06,40.9,41.87,651089.0,3008.0
2014-05-16,CFN,NYSE,41.77,43.13,41.77,42.76,648121.0,3296.0
2014-05-19,CFN,NYSE,42.67,43.33,42.52,43.16,414188.0,1369.0
2014-05-20,CFN,NYSE,43.12,43.22,42.68,42.95,565603.0,2325.0
2014-05-21,CFN,NYSE,42.99,43.07,42.23,42.99,507979.0,2399.0
2014-05-22,CFN,NYSE,42.92,42.92,41.91,41.98,616404.0,2472.0
2014-05-23,CFN,NYSE,42.01,42.3,41.85,42.25,345618.0,1418.0
2014-05-27,CFN,NYSE,42.32,42.54,42.08,42.5,279188.0,1393.0
2014-05-28,CFN,NYSE,42.62,42.87,42.37,42.5,273196.0,1397.0
2014-05-29,CFN,NYSE,42.6,42.93,42.48,42.9,201664.0,1067.0
2014-05-30,CFN,NYSE,42.86,43.19,42.86,42.93,410902.0,1475.0
2014-06-02,CFN,NYSE,42.96,42.99,42.58,42.97,428371.0,1437.0
2014-06-03,CFN,NYSE,42.91,43.23,42.83,43.07,337924.0,1536.0
2014-06-04,CFN,NYSE,43.06,43.77,42.95,43.67,367710.0,1465.0
2014-06-05,CFN,NYSE,43.61,44.16,43.46,43.72,202947.0,1070.0
2014-06-06,CFN,NYSE,43.88,44.01,43.65,43.77,371100.0,1350.0
2014-06-09,CFN,NYSE,43.68,43.8,43.17,43.39,340428.0,1681.0
2014-06-10,CFN,NYSE,43.37,43.51,43.1,43.44,231689.0,1182.0
2014-06-11,CFN,NYSE,43.11,43.3,43.02,43.04,260197.0,1117.0
2014-06-12,CFN,NYSE,43.04,43.18,42.6,42.86,287130.0,1549.0
2014-06-13,CFN,NYSE,42.82,43.0,42.66,42.72,231431.0,934.0
2014-06-16,CFN,NYSE,42.87,43.841,42.68,42.76,399288.0,1928.0
2014-06-17,CFN,NYSE,42.77,43.075,42.52,42.93,346914.0,1452.0
2014-06-18,CFN,NYSE,42.91,43.56,42.68,43.54,287785.0,1327.0
2014-06-19,CFN,NYSE,43.52,44.0,43.52,43.96,387991.0,1313.0
2014-06-20,CFN,NYSE,44.16,44.28,43.99,44.24,724144.0,1486.0
2014-06-23,CFN,NYSE,44.15,44.37,44.03,44.22,221451.0,1223.0
2014-06-24,CFN,NYSE,44.1,44.445,43.9,44.01,276837.0,1049.0
2014-06-25,CFN,NYSE,44.04,44.68,44.04,44.37,218681.0,1035.0
2014-06-26,CFN,NYSE,44.48,44.53,44.22,44.34,207764.0,977.0
2014-06-27,CFN,NYSE,44.26,44.56,44.07,44.29,333843.0,945.0
2014-06-30,CFN,NYSE,44.4,44.6,44.12,44.35,406265.0,1456.0
2014-07-01,CFN,NYSE,44.56,45.43,44.52,45.26,418003.0,1777.0
2014-07-02,CFN,NYSE,45.3,45.5,45.18,45.4,294016.0,1116.0
2014-07-03,CFN,NYSE,45.46,45.69,45.27,45.63,163864.0,436.0
2014-07-07,CFN,NYSE,45.53,45.8,45.21,45.25,295209.0,1399.0
2014-07-08,CFN,NYSE,45.25,45.26,44.45,44.55,280430.0,1183.0
2014-07-09,CFN,NYSE,44.74,44.9,44.57,44.72,131105.0,642.0
2014-07-10,CFN,NYSE,44.42,44.88,44.15,44.64,179126.0,854.0
2014-07-11,CFN,NYSE,44.7,45.01,44.67,44.81,184403.0,835.0
2014-07-14,CFN,NYSE,45.09,45.11,44.39,44.56,235743.0,1045.0
2014-07-15,CFN,NYSE,44.5,44.79,44.26,44.53,292785.0,1052.0
2014-07-16,CFN,NYSE,44.8,44.8,44.06,44.37,215576.0,913.0
2014-07-17,CFN,NYSE,44.24,44.52,44.07,44.14,247530.0,1190.0
2014-07-18,CFN,NYSE,44.3,44.64,44.29,44.6,327741.0,1106.0
2014-07-21,CFN,NYSE,44.37,44.59,44.32,44.48,129037.0,581.0
2014-07-22,CFN,NYSE,44.6,44.68,44.29,44.32,308086.0,1457.0
2014-07-23,CFN,NYSE,44.51,44.85,44.34,44.85,192513.0,891.0
2014-07-24,CFN,NYSE,44.83,44.89,44.59,44.74,168305.0,817.0
2014-07-25,CFN,NYSE,44.62,44.84,44.59,44.82,121381.0,635.0
2014-07-28,CFN,NYSE,44.68,45.08,44.65,45.01,175474.0,1021.0
2014-07-29,CFN,NYSE,45.0,45.1,44.7,44.73,261997.0,1139.0
2014-07-30,CFN,NYSE,44.88,45.14,44.69,44.94,180250.0,964.0
2014-07-31,CFN,NYSE,44.62,44.87,43.72,43.79,358140.0,1359.0
2014-08-01,CFN,NYSE,43.77,43.95,43.47,43.75,364549.0,1757.0
2014-08-04,CFN,NYSE,43.81,43.87,43.34,43.73,380725.0,1574.0
2014-08-05,CFN,NYSE,43.62,43.63,42.86,42.9,616614.0,2573.0
2014-08-06,CFN,NYSE,42.7,42.84,42.22,42.51,649605.0,2901.0
2014-08-07,CFN,NYSE,42.6,42.6,41.93,42.11,510771.0,2515.0
2014-08-08,CFN,NYSE,42.54,42.91,41.4,42.49,626338.0,2877.0
2014-08-11,CFN,NYSE,42.74,43.36,42.63,43.19,454494.0,2274.0
2014-08-12,CFN,NYSE,43.18,43.53,43.11,43.3,269255.0,1503.0
2014-08-13,CFN,NYSE,43.69,44.17,43.62,44.09,355127.0,1515.0
2014-08-14,CFN,NYSE,44.07,44.3,43.85,44.04,169335.0,1008.0
2014-08-15,CFN,NYSE,44.07,44.28,43.54,43.97,273273.0,1256.0
2014-08-18,CFN,NYSE,43.98,44.85,43.97,44.65,370671.0,1600.0
2014-08-19,CFN,NYSE,44.69,44.94,44.45,44.93,230905.0,858.0
2014-08-20,CFN,NYSE,44.91,45.04,44.66,44.91,207191.0,1048.0
2014-08-21,CFN,NYSE,44.96,45.18,44.79,45.05,298986.0,889.0
2014-08-22,CFN,NYSE,45.11,45.25,44.81,45.13,260949.0,1180.0
2014-08-25,CFN,NYSE,45.36,45.45,45.12,45.25,160366.0,791.0
2014-08-26,CFN,NYSE,45.3,45.46,45.11,45.25,157205.0,871.0
2014-08-27,CFN,NYSE,45.23,45.44,45.09,45.38,141021.0,615.0
2014-08-28,CFN,NYSE,45.21,45.43,45.06,45.41,324841.0,853.0
2014-08-29,CFN,NYSE,45.6,45.93,45.28,45.91,331256.0,979.0
2014-09-02,CFN,NYSE,45.94,46.3,45.68,46.29,381654.0,1490.0
2014-09-03,CFN,NYSE,46.45,46.52,45.99,46.04,203078.0,1136.0
2014-09-04,CFN,NYSE,46.15,46.54,45.89,45.93,312667.0,1301.0
2014-09-05,CFN,NYSE,46.01,46.54,45.61,46.45,284093.0,1187.0
2014-09-08,CFN,NYSE,46.31,46.43,45.9,46.05,259532.0,1135.0
2014-09-09,CFN,NYSE,45.98,46.13,45.69,45.88,261415.0,1299.0
2014-09-10,CFN,NYSE,45.91,46.42,45.9,46.36,198252.0,966.0
2014-09-11,CFN,NYSE,46.18,46.79,46.01,46.77,307960.0,1355.0
2014-09-12,CFN,NYSE,46.78,46.85,46.33,46.39,317806.0,1917.0
2014-09-15,CFN,NYSE,46.31,46.36,46.05,46.27,170916.0,939.0
2014-09-16,CFN,NYSE,46.17,46.6,46.01,46.5,152971.0,718.0
2014-09-17,CFN,NYSE,46.49,46.67,46.05,46.45,258943.0,1394.0
2014-09-18,CFN,NYSE,46.52,46.785,46.49,46.72,245411.0,955.0
2014-09-19,CFN,NYSE,47.01,47.01,46.55,46.75,1092900.0,1338.0
2014-09-22,CFN,NYSE,46.74,46.74,46.17,46.35,234475.0,1321.0
2014-09-23,CFN,NYSE,44.93,46.1,44.48,45.89,548457.0,2378.0
2014-09-24,CFN,NYSE,45.91,46.52,45.67,46.46,286178.0,1283.0
2014-09-25,CFN,NYSE,46.34,46.34,45.505,45.6,486301.0,2472.0
2014-09-26,CFN,NYSE,45.72,45.9,45.38,45.74,278060.0,1160.0
2014-09-29,CFN,NYSE,45.43,45.9,45.28,45.8,202765.0,930.0
2014-09-30,CFN,NYSE,45.8,45.8,45.19,45.25,310736.0,1001.0
2014-10-01,CFN,NYSE,45.24,45.32,44.8,45.05,379723.0,1917.0
2014-10-02,CFN,NYSE,45.05,45.62,44.83,45.34,250968.0,1300.0
2014-10-03,CFN,NYSE,45.66,46.28,45.66,46.17,263688.0,950.0
2014-10-06,CFN,NYSE,57.16,57.24,56.67,56.75,7146091.0,20209.0
2014-10-07,CFN,NYSE,56.7,57.385,56.7,57.05,1809004.0,6248.0
2014-10-08,CFN,NYSE,56.95,57.7,56.95,57.63,663024.0,2743.0
2014-10-09,CFN,NYSE,57.4,58.0,57.34,57.46,457175.0,2271.0
2014-10-10,CFN,NYSE,57.41,57.5,57.22,57.22,1358848.0,5304.0
2014-10-13,CFN,NYSE,57.09,57.36,56.91,56.95,1375033.0,2852.0
2014-10-14,CFN,NYSE,57.1,57.26,56.92,56.95,503832.0,2408.0
2014-10-15,CFN,NYSE,56.52,57.08,55.88,56.69,828301.0,4348.0
2014-10-16,CFN,NYSE,56.21,56.72,56.11,56.33,885786.0,4548.0
2014-10-17,CFN,NYSE,56.74,56.74,56.34,56.34,1023532.0,4623.0
2014-10-20,CFN,NYSE,56.23,56.68,56.23,56.47,625897.0,2190.0
2014-10-21,CFN,NYSE,56.5,56.88,56.48,56.67,1045833.0,3782.0
2014-10-22,CFN,NYSE,56.66,56.89,56.66,56.69,369780.0,1901.0
2014-10-23,CFN,NYSE,56.9,57.14,56.81,56.9,308804.0,1477.0
2014-10-24,CFN,NYSE,57.0,57.04,56.87,56.96,377496.0,1928.0
2014-10-27,CFN,NYSE,57.0,57.05,56.89,57.01,335511.0,2079.0
2014-10-28,CFN,NYSE,57.25,57.3,56.98,57.3,408238.0,1958.0
2014-10-29,CFN,NYSE,57.26,57.46,57.14,57.43,260349.0,1206.0
2014-10-30,CFN,NYSE,57.43,57.61,57.27,57.52,589164.0,2333.0
2014-10-31,CFN,NYSE,57.82,57.82,57.33,57.37,626760.0,1504.0
2014-11-03,CFN,NYSE,57.48,57.62,57.25,57.25,665767.0,2080.0
2014-11-04,CFN,NYSE,57.31,57.5,57.27,57.38,416573.0,2243.0
2014-11-05,CFN,NYSE,57.6,57.6,57.37,57.41,306361.0,1302.0
2014-11-06,CFN,NYSE,57.37,57.56,57.37,57.44,459792.0,1999.0
2014-11-07,CFN,NYSE,57.44,57.5,57.22,57.28,384718.0,1615.0
2014-11-10,CFN,NYSE,57.16,57.52,57.16,57.52,393477.0,1452.0
2014-11-11,CFN,NYSE,57.49,57.53,57.45,57.48,215809.0,986.0
2014-11-12,CFN,NYSE,57.32,57.62,57.32,57.56,202976.0,826.0
2014-11-13,CFN,NYSE,57.54,57.65,57.54,57.56,305552.0,1129.0
2014-11-14,CFN,NYSE,57.54,57.61,57.5,57.57,336554.0,866.0
2014-11-17,CFN,NYSE,57.53,57.71,57.52,57.71,268692.0,1007.0
2014-11-18,CFN,NYSE,57.65,57.89,57.61,57.78,621634.0,2324.0
2014-11-19,CFN,NYSE,57.77,57.78,57.63,57.74,341430.0,1234.0
2014-11-20,CFN,NYSE,57.67,58.29,57.67,58.27,610489.0,2308.0
2014-11-21,CFN,NYSE,58.64,58.68,58.2,58.25,438548.0,1304.0
2014-11-24,CFN,NYSE,58.28,58.505,58.23,58.43,285613.0,1495.0
2014-11-25,CFN,NYSE,58.41,58.8,58.41,58.76,358387.0,1254.0
2014-11-26,CFN,NYSE,58.85,59.3,58.85,59.22,398843.0,1849.0
2014-11-28,CFN,NYSE,59.18,59.34,59.13,59.17,239116.0,964.0
2014-12-01,CFN,NYSE,59.16,59.31,59.05,59.19,427157.0,1881.0
2014-12-02,CFN,NYSE,59.23,59.26,59.14,59.22,324842.0,1317.0
2014-12-03,CFN,NYSE,59.18,59.38,59.1,59.14,479875.0,893.0
2014-12-04,CFN,NYSE,59.13,59.413,59.11,59.23,238527.0,1142.0
2014-12-05,CFN,NYSE,59.23,59.24,59.025,59.09,234255.0,983.0
2014-12-08,CFN,NYSE,59.13,59.36,59.11,59.25,533945.0,2580.0
2014-12-09,CFN,NYSE,59.07,59.17,58.99,59.14,575203.0,2478.0
2014-12-10,CFN,NYSE,59.1,59.2,58.83,58.88,623861.0,2328.0
2014-12-11,CFN,NYSE,58.97,59.16,58.91,59.0,310534.0,1542.0
2014-12-12,CFN,NYSE,58.94,59.11,58.84,58.86,442044.0,1745.0
2014-12-15,CFN,NYSE,58.98,59.01,58.69,58.72,547818.0,2459.0
2014-12-16,CFN,NYSE,58.73,58.88,58.64,58.65,495574.0,1919.0
2014-12-17,CFN,NYSE,58.73,58.97,58.67,58.9,436003.0,1916.0
2014-12-18,CFN,NYSE,59.0,59.3,58.95,59.29,478733.0,1452.0
2014-12-19,CFN,NYSE,59.29,59.37,59.13,59.15,1639030.0,1913.0
2014-12-22,CFN,NYSE,59.18,59.28,59.18,59.21,460682.0,1007.0
2014-12-23,CFN,NYSE,59.27,59.33,59.08,59.14,317415.0,1230.0
2014-12-24,CFN,NYSE,59.14,59.33,59.14,59.18,154769.0,596.0
2014-12-26,CFN,NYSE,59.21,59.45,59.21,59.26,306194.0,1162.0
2014-12-29,CFN,NYSE,59.21,59.34,59.21,59.26,345154.0,1451.0
2014-12-30,CFN,NYSE,59.25,59.5,59.25,59.4,299271.0,1455.0
2014-12-31,CFN,NYSE,59.51,59.62,59.32,59.34,502555.0,1768.0
2015-01-02,CFN,NYSE,59.53,59.6,59.35,59.43,354397.0,1304.0
2015-01-05,CFN,NYSE,59.41,59.61,59.26,59.51,481099.0,1732.0
2015-01-06,CFN,NYSE,59.52,59.6,59.37,59.44,1032449.0,2182.0
2015-01-07,CFN,NYSE,59.58,59.76,59.55,59.75,541832.0,2030.0
2015-01-08,CFN,NYSE,59.9,60.0,59.84,59.96,292428.0,1118.0
2015-01-09,CFN,NYSE,59.94,60.04,59.8,59.84,294482.0,1187.0
2015-01-12,CFN,NYSE,59.9,60.0,59.7,59.79,313207.0,1325.0
2015-01-13,CFN,NYSE,59.94,59.98,59.53,59.67,467080.0,1792.0
2015-01-14,CFN,NYSE,59.55,59.64,59.39,59.59,584992.0,2299.0
2015-01-15,CFN,NYSE,59.76,59.76,59.475,59.48,707445.0,2432.0
2015-01-16,CFN,NYSE,59.34,59.55,59.34,59.5,873386.0,2432.0
2015-01-20,CFN,NYSE,59.68,59.73,59.36,59.55,453711.0,1626.0
2015-01-21,CFN,NYSE,59.59,59.75,59.52,59.68,485977.0,1613.0
2015-01-22,CFN,NYSE,59.74,59.99,59.65,59.98,398489.0,1568.0
2015-01-23,CFN,NYSE,60.08,60.08,59.71,59.77,462907.0,1461.0
2015-01-26,CFN,NYSE,59.75,59.82,59.61,59.81,360035.0,1182.0
2015-01-27,CFN,NYSE,59.68,59.81,59.6,59.74,352363.0,1396.0
2015-01-28,CFN,NYSE,59.89,59.89,59.5,59.56,508241.0,1932.0
2015-01-29,CFN,NYSE,59.57,59.6,59.36,59.6,449298.0,1832.0
2015-01-30,CFN,NYSE,59.47,59.56,59.26,59.3,637244.0,2014.0
2015-02-02,CFN,NYSE,59.43,59.57,59.14,59.53,461702.0,2048.0
2015-02-03,CFN,NYSE,59.41,59.65,59.41,59.55,498600.0,1273.0
2015-02-04,CFN,NYSE,59.53,59.64,59.42,59.47,436191.0,1531.0
2015-02-05,CFN,NYSE,59.61,60.05,59.61,59.95,322833.0,1451.0
2015-02-06,CFN,NYSE,59.85,60.02,59.73,59.78,357843.0,1466.0
2015-02-09,CFN,NYSE,59.74,59.74,59.54,59.61,241402.0,973.0
2015-02-10,CFN,NYSE,59.7,59.76,59.62,59.7,1444193.0,1652.0
2015-02-11,CFN,NYSE,59.66,59.85,59.62,59.72,789358.0,923.0
2015-02-12,CFN,NYSE,59.8,59.93,59.73,59.8,403806.0,1228.0
2015-02-13,CFN,NYSE,59.78,59.86,59.69,59.81,770497.0,1099.0
2015-02-17,CFN,NYSE,59.72,59.87,59.72,59.81,438198.0,922.0
2015-02-18,CFN,NYSE,59.94,59.94,59.76,59.82,393840.0,907.0
2015-02-19,CFN,NYSE,59.78,59.83,59.73,59.8,544817.0,1844.0
2015-02-20,CFN,NYSE,59.77,59.96,59.74,59.96,399193.0,1222.0
2015-02-23,CFN,NYSE,59.89,60.17,59.89,60.17,666959.0,1273.0
2015-02-24,CFN,NYSE,60.17,60.27,60.1,60.22,283690.0,933.0
2015-02-25,CFN,NYSE,60.25,60.25,60.14,60.22,190792.0,724.0
2015-02-26,CFN,NYSE,60.31,60.31,60.15,60.21,175338.0,663.0
2015-02-27,CFN,NYSE,60.14,60.26,60.055,60.08,352009.0,1110.0
2015-03-02,CFN,NYSE,60.07,60.23,60.07,60.2,300266.0,1014.0
2015-03-03,CFN,NYSE,60.14,60.19,59.99,60.13,332608.0,1219.0
2015-03-04,CFN,NYSE,60.04,60.31,60.01,60.25,264278.0,1027.0
2015-03-05,CFN,NYSE,60.25,60.39,60.23,60.34,219905.0,801.0
2015-03-06,CFN,NYSE,60.26,60.31,59.95,60.0,494342.0,1990.0
2015-03-09,CFN,NYSE,60.01,60.08,59.96,60.05,297329.0,895.0
2015-03-10,CFN,NYSE,59.95,59.96,59.73,59.73,1390471.0,2187.0
2015-03-11,CFN,NYSE,59.7,59.825,59.61,59.63,1309563.0,2534.0
2015-03-12,CFN,NYSE,59.84,60.04,59.74,60.04,543511.0,1805.0
2015-03-13,CFN,NYSE,59.95,60.05,59.84,59.97,795786.0,1868.0
2015-03-16,CFN,NYSE,60.01,60.17,59.91,59.91,8850498.0,5919.0
